タイトル,タイトルURL,タイトル2,タイトル3,タイトル4,タイトル5,タイトル6,価格8,概要,概要9,タイトル10,日時,タイトル11,タイトル12,最低価格,評価スコア,予約時間（分）,評価ランク
FORZA　ホテルフォルツァ金沢,https://www.jalan.net/yad378719/?stayYear=&stayMonth=&stayDay=&stayCount=1&roomCount=1&dateUndecided=1&adultNum=2&rootCd=04&distCd=01&roomCrack=200000&screenId=UWW1402&yadNo=378719&callbackHistFlg=1,石川県 > 金沢・湯涌,https://cdn.jalan.jp/jalan/images/pictL/Y9/Y378719/Y378719374.jpg,https://cdn.jalan.jp/jalan/images/pictM/Y9/Y378719/Y378719663.jpg,https://cdn.jalan.jp/jalan/images/pictM/Y9/Y378719/Y378719526.jpg,https://cdn.jalan.jp/jalan/images/pictM/Y9/Y378719/Y378719928.jpg,"1名 3,200円～",4.6,"1,102件",部屋、清潔感、朝食高評価,29分前に予約されました,【アクセス】,金沢駅徒歩10分。または北鉄バス「武蔵ヶ辻・近江市場前」バス停下車目の前。コンビニまで徒歩約3分,3200.0,4.6,,B（良好）
THE HOTEL SANRAKU KANAZAWA（ザ ホテル山楽 金沢）,https://www.jalan.net/yad350199/?stayYear=&stayMonth=&stayDay=&stayCount=1&roomCount=1&dateUndecided=1&adultNum=2&rootCd=04&distCd=01&roomCrack=200000&screenId=UWW1402&yadNo=350199&callbackHistFlg=1,石川県 > 金沢・湯涌,https://cdn.jalan.jp/jalan/images/pictL/Y9/Y350199/Y350199134.jpg,https://cdn.jalan.jp/jalan/images/pictM/Y9/Y350199/Y350199092.jpg,https://cdn.jalan.jp/jalan/images/pictM/Y9/Y350199/Y350199733.jpg,https://cdn.jalan.jp/jalan/images/pictM/Y9/Y350199/Y350199601.jpg,"1名 7,000円～",4.8,376件,朝食、接客、清潔感高評価,2時間前に予約されました,【アクセス】,金沢駅東口③・⑦～⑪番乗り場より「武蔵ヶ辻・近江町市場」バス停より徒歩4分／無料シャトルバスあり,7000.0,4.8,,A（非常好）
ホテル・トリフィート金沢,https://www.jalan.net/yad304736/?stayYear=&stayMonth=&stayDay=&stayCount=1&roomCount=1&dateUndecided=1&adultNum=2&rootCd=04&distCd=01&roomCrack=200000&screenId=UWW1402&yadNo=304736&callbackHistFlg=1,石川県 > 金沢・湯涌,https://cdn.jalan.jp/jalan/images/pictL/Y6/Y304736/Y304736146.jpg,https://cdn.jalan.jp/jalan/images/pictM/Y6/Y304736/Y304736248.jpg,https://cdn.jalan.jp/jalan/images/pictM/Y6/Y304736/Y304736240.jpg,https://cdn.jalan.jp/jalan/images/pictM/Y6/Y304736/Y304736105.jpg,"1名 4,270円～",4.6,431件,清潔感、朝食、風呂高評価,たった今予約されました,【アクセス】,JR金沢駅兼六園口（東口）から徒歩4分◇アクセス抜群！好立地☆彡,4270.0,4.6,,B（良好）
天然温泉 加賀の宝泉 御宿 野乃金沢（ドーミーインチェーン）,https://www.jalan.net/yad388181/?stayYear=&stayMonth=&stayDay=&stayCount=1&roomCount=1&dateUndecided=1&adultNum=2&rootCd=04&distCd=01&roomCrack=200000&screenId=UWW1402&yadNo=388181&callbackHistFlg=1,石川県 > 金沢・湯涌,https://cdn.jalan.jp/jalan/images/pictL/Y1/Y388181/Y388181058.jpg,https://cdn.jalan.jp/jalan/images/pictM/Y1/Y388181/Y388181139.jpg,https://cdn.jalan.jp/jalan/images/pictM/Y1/Y388181/Y388181327.jpg,https://cdn.jalan.jp/jalan/images/pictM/Y1/Y388181/Y388181063.jpg,"1名 5,500円～",4.5,"1,074件",朝食、風呂、清潔感高評価,たった今予約されました,【アクセス】,JR金沢駅より北鉄バス乗車、「武蔵ケ辻・近江町市場」バス停下車徒歩約2分。,5500.0,4.5,,B（良好）
ホテルインターゲート金沢,https://www.jalan.net/yad362769/?stayYear=&stayMonth=&stayDay=&stayCount=1&roomCount=1&dateUndecided=1&adultNum=2&rootCd=04&distCd=01&roomCrack=200000&screenId=UWW1402&yadNo=362769&callbackHistFlg=1,石川県 > 金沢・湯涌,https://cdn.jalan.jp/jalan/images/pictL/Y9/Y362769/Y362769583.jpg,https://cdn.jalan.jp/jalan/images/pictM/Y9/Y362769/Y362769816.jpg,https://cdn.jalan.jp/jalan/images/pictM/Y9/Y362769/Y362769779.jpg,https://cdn.jalan.jp/jalan/images/pictM/Y9/Y362769/Y362769921.jpg,"1名 3,800円～",4.5,84件,部屋、清潔感、朝食高評価,36分前に予約されました,【アクセス】,JR金沢駅からバス「南町・尾山神社」迄7分下車1分/小松空港からバス「武蔵ヶ辻・近江町市場」迄50分下車7分,3800.0,4.5,,B（良好）
金沢湯涌温泉　百楽荘,https://www.jalan.net/yad379790/?stayYear=&stayMonth=&stayDay=&stayCount=1&roomCount=1&dateUndecided=1&adultNum=2&rootCd=04&distCd=01&roomCrack=200000&screenId=UWW1402&yadNo=379790&callbackHistFlg=1,石川県 > 金沢・湯涌,https://cdn.jalan.jp/jalan/images/pictL/Y0/Y379790/Y379790146.jpg,https://cdn.jalan.jp/jalan/images/pictM/Y0/Y379790/Y379790193.jpg,https://cdn.jalan.jp/jalan/images/pictM/Y0/Y379790/Y379790083.jpg,https://cdn.jalan.jp/jalan/images/pictM/Y0/Y379790/Y379790129.jpg,"1名 35,200円～",4.9,42件,夕食、部屋、接客高評価,3時間前に予約されました,【アクセス】,●金沢駅より車で35分●兼六園より車で20分,35200.0,4.9,,A（非常好）
OMO5金沢片町 by 星野リゾート,https://www.jalan.net/yad362327/?stayYear=&stayMonth=&stayDay=&stayCount=1&roomCount=1&dateUndecided=1&adultNum=2&rootCd=04&distCd=01&roomCrack=200000&screenId=UWW1402&yadNo=362327&callbackHistFlg=1,石川県 > 金沢・湯涌,https://cdn.jalan.jp/jalan/images/pictL/Y7/Y362327/Y362327115.jpg,https://cdn.jalan.jp/jalan/images/pictM/Y7/Y362327/Y362327123.jpg,https://cdn.jalan.jp/jalan/images/pictM/Y7/Y362327/Y362327101.jpg,https://cdn.jalan.jp/jalan/images/pictM/Y7/Y362327/Y362327059.jpg,"1名 4,500円～",4.7,164件,清潔感、部屋、接客高評価,3時間前に予約されました,【アクセス】,「金沢」駅東口の路線バス乗り場から「香林坊」駅までバスで約10分。「香林坊」駅より徒歩約4分,4500.0,4.7,,A（非常好）
ホテル日航金沢,https://www.jalan.net/yad321280/?stayYear=&stayMonth=&stayDay=&stayCount=1&roomCount=1&dateUndecided=1&adultNum=2&rootCd=04&distCd=01&roomCrack=200000&screenId=UWW1402&yadNo=321280&callbackHistFlg=1,石川県 > 金沢・湯涌,https://cdn.jalan.jp/jalan/images/pictL/Y0/Y321280/Y321280AQ0.jpg,https://cdn.jalan.jp/jalan/images/pictM/Y0/Y321280/Y321280AO5.jpg,https://cdn.jalan.jp/jalan/images/pictM/Y0/Y321280/Y321280A54.jpg,https://cdn.jalan.jp/jalan/images/pictM/Y0/Y321280/Y321280Aa7.jpg,"1名 6,800円～",4.6,"1,789件",朝食、接客、清潔感高評価,1時間前に予約されました,【アクセス】,JR金沢駅兼六園口（東口）より徒歩約3分（地下道で直結）,6800.0,4.6,,B（良好）
金沢白鳥路　ホテル山楽,https://www.jalan.net/yad388405/?stayYear=&stayMonth=&stayDay=&stayCount=1&roomCount=1&dateUndecided=1&adultNum=2&rootCd=04&distCd=01&roomCrack=200000&screenId=UWW1402&yadNo=388405&callbackHistFlg=1,石川県 > 金沢・湯涌,https://cdn.jalan.jp/jalan/images/pictL/Y5/Y388405/Y388405AB3.jpg,https://cdn.jalan.jp/jalan/images/pictM/Y5/Y388405/Y388405AX9.jpg,https://cdn.jalan.jp/jalan/images/pictM/Y5/Y388405/Y388405C12.jpg,https://cdn.jalan.jp/jalan/images/pictM/Y5/Y388405/Y388405Bw2.jpg,"1名 6,000円～",4.4,"2,441件",朝食、部屋、清潔感高評価,たった今予約されました,【アクセス】,金沢駅より車で約10分。バス約15分「兼六園下・金沢城」下車バス停より徒歩5分。無料シャトルバス運行中。,6000.0,4.4,,B（良好）
ダイワロイネットホテル金沢駅西口,https://www.jalan.net/yad376255/?stayYear=&stayMonth=&stayDay=&stayCount=1&roomCount=1&dateUndecided=1&adultNum=2&rootCd=04&distCd=01&roomCrack=200000&screenId=UWW1402&yadNo=376255&callbackHistFlg=1,石川県 > 金沢・湯涌,https://cdn.jalan.jp/jalan/images/pictL/Y5/Y376255/Y376255482.jpg,https://cdn.jalan.jp/jalan/images/pictM/Y5/Y376255/Y376255486.jpg,https://cdn.jalan.jp/jalan/images/pictM/Y5/Y376255/Y376255454.jpg,https://cdn.jalan.jp/jalan/images/pictM/Y5/Y376255/Y376255483.jpg,"1名 4,450円～",4.7,235件,部屋、清潔感、風呂高評価,42分前に予約されました,【アクセス】,JR「金沢駅」港口（西口）より徒歩約4分。小松空港→空港バス約40分。金沢西IC→約15分、金沢東IC→約10分,4450.0,4.7,,A（非常好）
スマイルホテル金沢西口駅前（２０２１年１１月２８日オープン）,https://www.jalan.net/yad321961/?stayYear=&stayMonth=&stayDay=&stayCount=1&roomCount=1&dateUndecided=1&adultNum=2&rootCd=04&distCd=01&roomCrack=200000&screenId=UWW1402&yadNo=321961&callbackHistFlg=1,石川県 > 金沢・湯涌,https://cdn.jalan.jp/jalan/images/pictL/Y1/Y321961/Y321961160.jpg,https://cdn.jalan.jp/jalan/images/pictM/Y1/Y321961/Y321961054.jpg,https://cdn.jalan.jp/jalan/images/pictM/Y1/Y321961/Y321961057.jpg,https://cdn.jalan.jp/jalan/images/pictM/Y1/Y321961/Y321961152.jpg,"1名 2,685円～",4.4,113件,部屋、清潔感、朝食高評価,33分前に予約されました,【アクセス】,JR北陸本線「金沢駅西口」より徒歩４分。北陸自動車道金沢西・東ICより車で約１２分。,2685.0,4.4,,B（良好）
ダイワロイネットホテル金沢ＭＩＹＡＢＩ,https://www.jalan.net/yad380782/?stayYear=&stayMonth=&stayDay=&stayCount=1&roomCount=1&dateUndecided=1&adultNum=2&rootCd=04&distCd=01&roomCrack=200000&screenId=UWW1402&yadNo=380782&callbackHistFlg=1,石川県 > 金沢・湯涌,https://cdn.jalan.jp/jalan/images/pictL/Y2/Y380782/Y380782591.jpg,https://cdn.jalan.jp/jalan/images/pictM/Y2/Y380782/Y380782585.jpg,https://cdn.jalan.jp/jalan/images/pictM/Y2/Y380782/Y380782655.jpg,https://cdn.jalan.jp/jalan/images/pictM/Y2/Y380782/Y380782556.jpg,"1名 4,398円～",4.5,88件,部屋、清潔感、風呂高評価,28分前に予約されました,【アクセス】,JR北陸新幹線「金沢駅」金沢港口（西口）より徒歩約3分／北陸自動車道金沢「西・東IC」より車で約15分,4398.0,4.5,,B（良好）
天然温泉加賀の湧泉　ドーミーイン金沢,https://www.jalan.net/yad349530/?stayYear=&stayMonth=&stayDay=&stayCount=1&roomCount=1&dateUndecided=1&adultNum=2&rootCd=04&distCd=01&roomCrack=200000&screenId=UWW1402&yadNo=349530&callbackHistFlg=1,石川県 > 金沢・湯涌,https://cdn.jalan.jp/jalan/images/pictL/Y0/Y349530/Y349530832.jpg,https://cdn.jalan.jp/jalan/images/pictM/Y0/Y349530/Y349530633.jpg,https://cdn.jalan.jp/jalan/images/pictM/Y0/Y349530/Y349530920.jpg,https://cdn.jalan.jp/jalan/images/pictM/Y0/Y349530/Y349530939.jpg,"1名 5,000円～",4.4,"10,211件",風呂、朝食、接客高評価,1時間前に予約されました,【アクセス】,JR金沢駅東口より徒歩2分,5000.0,4.4,,B（良好）
金沢　彩の庭ホテル,https://www.jalan.net/yad359852/?stayYear=&stayMonth=&stayDay=&stayCount=1&roomCount=1&dateUndecided=1&adultNum=2&rootCd=04&distCd=01&roomCrack=200000&screenId=UWW1402&yadNo=359852&callbackHistFlg=1,石川県 > 金沢・湯涌,https://cdn.jalan.jp/jalan/images/pictL/Y2/Y359852/Y359852548.jpg,https://cdn.jalan.jp/jalan/images/pictM/Y2/Y359852/Y359852087.jpg,https://cdn.jalan.jp/jalan/images/pictM/Y2/Y359852/Y359852482.jpg,https://cdn.jalan.jp/jalan/images/pictM/Y2/Y359852/Y359852418.jpg,"1名 8,700円～",4.9,"1,015件",部屋、接客、清潔感高評価,1時間前に予約されました,【アクセス】,JR金沢駅より無料送迎（定時便）あり。徒歩では15分。お車でお越しの際は金沢西ICまたは金沢東ICより10分。,8700.0,4.9,,A（非常好）
ちりはまホテルゆ華,https://www.jalan.net/yad300454/?stayYear=&stayMonth=&stayDay=&stayCount=1&roomCount=1&dateUndecided=1&adultNum=2&rootCd=04&distCd=01&roomCrack=200000&screenId=UWW1402&yadNo=300454&callbackHistFlg=1,石川県 > 羽咋・かほく,https://cdn.jalan.jp/jalan/images/pictL/Y4/Y300454/Y300454795.jpg,https://cdn.jalan.jp/jalan/images/pictM/Y4/Y300454/Y300454890.jpg,https://cdn.jalan.jp/jalan/images/pictM/Y4/Y300454/Y300454747.jpg,https://cdn.jalan.jp/jalan/images/pictM/Y4/Y300454/Y300454793.jpg,"1名 10,000円～",4.5,"1,344件",風呂、夕食、接客高評価,1時間前に予約されました,【アクセス】,金沢より車で40分。観光に最適。のと里山海道・千里浜ICすぐそば。JR羽咋駅よりタクシーで5分,10000.0,4.5,,B（良好）
ホテルマイステイズプレミア金沢,https://www.jalan.net/yad360776/?stayYear=&stayMonth=&stayDay=&stayCount=1&roomCount=1&dateUndecided=1&adultNum=2&rootCd=04&distCd=01&roomCrack=200000&screenId=UWW1402&yadNo=360776&callbackHistFlg=1,石川県 > 金沢・湯涌,https://cdn.jalan.jp/jalan/images/pictL/Y6/Y360776/Y360776296.jpg,https://cdn.jalan.jp/jalan/images/pictM/Y6/Y360776/Y360776279.jpg,https://cdn.jalan.jp/jalan/images/pictM/Y6/Y360776/Y360776300.jpg,https://cdn.jalan.jp/jalan/images/pictM/Y6/Y360776/Y360776327.jpg,"1名 2,600円～",4.5,61件,部屋、接客、清潔感高評価,44分前に予約されました,【アクセス】,JR金沢駅 西口から徒歩5分／北陸自動車道金沢東ICから15分／小松空港から車・バスで40分,2600.0,4.5,,B（良好）
ホテルリソルトリニティ金沢,https://www.jalan.net/yad321184/?stayYear=&stayMonth=&stayDay=&stayCount=1&roomCount=1&dateUndecided=1&adultNum=2&rootCd=04&distCd=01&roomCrack=200000&screenId=UWW1402&yadNo=321184&callbackHistFlg=1,石川県 > 金沢・湯涌,https://cdn.jalan.jp/jalan/images/pictL/Y4/Y321184/Y321184918.jpg,https://cdn.jalan.jp/jalan/images/pictM/Y4/Y321184/Y321184960.jpg,https://cdn.jalan.jp/jalan/images/pictM/Y4/Y321184/Y321184972.jpg,https://cdn.jalan.jp/jalan/images/pictM/Y4/Y321184/Y321184978.jpg,"1名 2,600円～",4.5,94件,部屋、清潔感、接客高評価,35分前に予約されました,【アクセス】,JR金沢駅より徒歩12分。金沢駅兼六園口バス乗り場③⑧⑨⑩番より５分「武蔵ヶ辻・近江町市場」下車徒歩1分,2600.0,4.5,,B（良好）
ザ・スクエアホテル金沢,https://www.jalan.net/yad384635/?stayYear=&stayMonth=&stayDay=&stayCount=1&roomCount=1&dateUndecided=1&adultNum=2&rootCd=04&distCd=01&roomCrack=200000&screenId=UWW1402&yadNo=384635&callbackHistFlg=1,石川県 > 金沢・湯涌,https://cdn.jalan.jp/jalan/images/pictL/Y5/Y384635/Y384635139.jpg,https://cdn.jalan.jp/jalan/images/pictM/Y5/Y384635/Y384635148.jpg,https://cdn.jalan.jp/jalan/images/pictM/Y5/Y384635/Y384635201.jpg,https://cdn.jalan.jp/jalan/images/pictM/Y5/Y384635/Y384635146.jpg,"1名 3,150円～",4.4,397件,部屋、朝食、清潔感高評価,57分前に予約されました,【アクセス】,「金沢駅」兼六園口バスターミナル(8)(9)(10)番乗り場からバスで「武蔵ヶ辻・近江町市場」下車、徒歩1分,3150.0,4.4,,B（良好）
ホテルビスタ金沢,https://www.jalan.net/yad392384/?stayYear=&stayMonth=&stayDay=&stayCount=1&roomCount=1&dateUndecided=1&adultNum=2&rootCd=04&distCd=01&roomCrack=200000&screenId=UWW1402&yadNo=392384&callbackHistFlg=1,石川県 > 金沢・湯涌,https://cdn.jalan.jp/jalan/images/pictL/Y4/Y392384/Y392384616.jpg,https://cdn.jalan.jp/jalan/images/pictM/Y4/Y392384/Y392384533.jpg,https://cdn.jalan.jp/jalan/images/pictM/Y4/Y392384/Y392384507.jpg,https://cdn.jalan.jp/jalan/images/pictM/Y4/Y392384/Y392384397.jpg,"1名 3,300円～",4.6,689件,部屋、清潔感、風呂高評価,1時間前に予約されました,【アクセス】,JR金沢駅西口から徒歩約7分、北陸自動車道金沢西・東インターから車で約15分,3300.0,4.6,,B（良好）
雨庵　金沢,https://www.jalan.net/yad384336/?stayYear=&stayMonth=&stayDay=&stayCount=1&roomCount=1&dateUndecided=1&adultNum=2&rootCd=04&distCd=01&roomCrack=200000&screenId=UWW1402&yadNo=384336&callbackHistFlg=1,石川県 > 金沢・湯涌,https://cdn.jalan.jp/jalan/images/pictL/Y6/Y384336/Y384336141.jpg,https://cdn.jalan.jp/jalan/images/pictM/Y6/Y384336/Y384336084.jpg,https://cdn.jalan.jp/jalan/images/pictM/Y6/Y384336/Y384336169.jpg,https://cdn.jalan.jp/jalan/images/pictM/Y6/Y384336/Y384336039.jpg,"1名 7,020円～",5.0,110件,部屋、接客、清潔感高評価,たった今予約されました,【アクセス】,小松空港からリムジンバス「香林坊行き」乗車、約50分「武蔵ヶ辻・近江町市場」下車、徒歩5分,7020.0,5.0,,A（非常好）
ＳＯＫＩ　ＫＡＮＡＺＡＷＡ（２０２２年１１月１９日ＯＰＥＮ）,https://www.jalan.net/yad357681/?stayYear=&stayMonth=&stayDay=&stayCount=1&roomCount=1&dateUndecided=1&adultNum=2&rootCd=04&distCd=01&roomCrack=200000&screenId=UWW1402&yadNo=357681&callbackHistFlg=1,石川県 > 金沢・湯涌,https://cdn.jalan.jp/jalan/images/pictL/Y1/Y357681/Y357681490.jpg,https://cdn.jalan.jp/jalan/images/pictM/Y1/Y357681/Y357681326.jpg,https://cdn.jalan.jp/jalan/images/pictM/Y1/Y357681/Y357681458.jpg,https://cdn.jalan.jp/jalan/images/pictM/Y1/Y357681/Y357681394.jpg,"1名 4,399円～",4.7,83件,部屋、清潔感、朝食高評価,43分前に予約されました,【アクセス】,金沢駅兼六園口バスターミナル6番乗り場から乗車し、「武蔵ヶ辻・近江町市場前」で下車、その後徒歩1分。,4399.0,4.7,,A（非常好）
天然温泉　鼓門の湯　スーパーホテルPremier金沢駅東口,https://www.jalan.net/yad355732/?stayYear=&stayMonth=&stayDay=&stayCount=1&roomCount=1&dateUndecided=1&adultNum=2&rootCd=04&distCd=01&roomCrack=200000&screenId=UWW1402&yadNo=355732&callbackHistFlg=1,石川県 > 金沢・湯涌,https://cdn.jalan.jp/jalan/images/pictL/Y2/Y355732/Y355732251.jpg,https://cdn.jalan.jp/jalan/images/pictM/Y2/Y355732/Y355732579.jpg,https://cdn.jalan.jp/jalan/images/pictM/Y2/Y355732/Y355732121.jpg,https://cdn.jalan.jp/jalan/images/pictM/Y2/Y355732/Y355732375.jpg,"1名 4,180円～",4.4,711件,接客、朝食、清潔感高評価,1時間前に予約されました,【アクセス】,金沢駅東口より徒歩7分。金沢東ICより約15分。※ホテル専用駐車場･駐輪場はございません。近隣駐車場案内,4180.0,4.4,,B（良好）
アパホテル〈金沢駅前〉,https://www.jalan.net/yad340399/?stayYear=&stayMonth=&stayDay=&stayCount=1&roomCount=1&dateUndecided=1&adultNum=2&rootCd=04&distCd=01&roomCrack=200000&screenId=UWW1402&yadNo=340399&callbackHistFlg=1,石川県 > 金沢・湯涌,https://cdn.jalan.jp/jalan/images/pictL/Y9/Y340399/Y340399AL1.jpg,https://cdn.jalan.jp/jalan/images/pictM/Y9/Y340399/Y340399AO4.jpg,https://cdn.jalan.jp/jalan/images/pictM/Y9/Y340399/Y340399AC2.jpg,https://cdn.jalan.jp/jalan/images/pictM/Y9/Y340399/Y340399AI7.jpg,"1名 4,200円～",4.2,122件,朝食、風呂、清潔感高評価,1時間前に予約されました,【アクセス】,「金沢駅」金沢港口(西口)徒歩1分！ 小松空港から金沢駅直通バスで40分！,4200.0,4.2,,C（普通）
ＫＯＫＯ　ＨＯＴＥＬ　Ｐｒｅｍｉｅｒ　金沢香林坊,https://www.jalan.net/yad334551/?stayYear=&stayMonth=&stayDay=&stayCount=1&roomCount=1&dateUndecided=1&adultNum=2&rootCd=04&distCd=01&roomCrack=200000&screenId=UWW1402&yadNo=334551&callbackHistFlg=1,石川県 > 金沢・湯涌,https://cdn.jalan.jp/jalan/images/pictL/Y1/Y334551/Y334551121.jpg,https://cdn.jalan.jp/jalan/images/pictM/Y1/Y334551/Y334551063.jpg,https://cdn.jalan.jp/jalan/images/pictM/Y1/Y334551/Y334551080.jpg,https://cdn.jalan.jp/jalan/images/pictM/Y1/Y334551/Y334551039.jpg,"1名 3,150円～",4.3,202件,清潔感、部屋、朝食高評価,2時間前に予約されました,【アクセス】,バスにてJR金沢駅東口バスターミナル 8・9番乗り場から「香林坊」下車徒、歩約1分,3150.0,4.3,,B（良好）
加賀屋グループ　料理旅館　金沢茶屋,https://www.jalan.net/yad326607/?stayYear=&stayMonth=&stayDay=&stayCount=1&roomCount=1&dateUndecided=1&adultNum=2&rootCd=04&distCd=01&roomCrack=200000&screenId=UWW1402&yadNo=326607&callbackHistFlg=1,石川県 > 金沢・湯涌,https://cdn.jalan.jp/jalan/images/pictL/Y7/Y326607/Y326607198.jpg,https://cdn.jalan.jp/jalan/images/pictM/Y7/Y326607/Y326607197.jpg,https://cdn.jalan.jp/jalan/images/pictM/Y7/Y326607/Y326607147.jpg,https://cdn.jalan.jp/jalan/images/pictM/Y7/Y326607/Y326607068.jpg,"1名 17,600円～",5.0,73件,朝食、夕食、部屋高評価,,【アクセス】,北陸線金沢駅下車徒歩３分。北陸道金沢東ＩＣよりＪＲ金沢駅方面へ。金沢駅兼六園口から５０ｍ,17600.0,5.0,,A（非常好）
変なホテル金沢　香林坊,https://www.jalan.net/yad385536/?stayYear=&stayMonth=&stayDay=&stayCount=1&roomCount=1&dateUndecided=1&adultNum=2&rootCd=04&distCd=01&roomCrack=200000&screenId=UWW1402&yadNo=385536&callbackHistFlg=1,石川県 > 金沢・湯涌,https://cdn.jalan.jp/jalan/images/pictL/Y6/Y385536/Y385536096.jpg,https://cdn.jalan.jp/jalan/images/pictM/Y6/Y385536/Y385536443.jpg,https://cdn.jalan.jp/jalan/images/pictM/Y6/Y385536/Y385536441.jpg,https://cdn.jalan.jp/jalan/images/pictM/Y6/Y385536/Y385536087.jpg,"1名 3,130円～",4.3,371件,清潔感、部屋、風呂高評価,2時間前に予約されました,【アクセス】,ＪＲ金沢駅東口バスターミナル 8・9番乗り場よりバスで約10分、「香林坊」で下車。バスを降りて徒歩2分。,3130.0,4.3,,B（良好）
三井ガーデンホテル金沢,https://www.jalan.net/yad334419/?stayYear=&stayMonth=&stayDay=&stayCount=1&roomCount=1&dateUndecided=1&adultNum=2&rootCd=04&distCd=01&roomCrack=200000&screenId=UWW1402&yadNo=334419&callbackHistFlg=1,石川県 > 金沢・湯涌,https://cdn.jalan.jp/jalan/images/pictL/Y9/Y334419/Y334419040.jpg,https://cdn.jalan.jp/jalan/images/pictM/Y9/Y334419/Y334419289.jpg,https://cdn.jalan.jp/jalan/images/pictM/Y9/Y334419/Y334419076.jpg,https://cdn.jalan.jp/jalan/images/pictM/Y9/Y334419/Y334419284.jpg,"1名 4,500円～",4.5,396件,朝食、夕食、清潔感高評価,1時間前に予約されました,【アクセス】,金沢駅よりお車で約8分、徒歩約17分。金沢駅より北鉄バス乗車、「南町・尾山神社前」バス停下車徒歩約2分。,4500.0,4.5,,B（良好）
金沢マンテンホテル駅前（マンテンホテルチェーン）,https://www.jalan.net/yad331056/?stayYear=&stayMonth=&stayDay=&stayCount=1&roomCount=1&dateUndecided=1&adultNum=2&rootCd=04&distCd=01&roomCrack=200000&screenId=UWW1402&yadNo=331056&callbackHistFlg=1,石川県 > 金沢・湯涌,https://cdn.jalan.jp/jalan/images/pictL/Y6/Y331056/Y331056557.jpg,https://cdn.jalan.jp/jalan/images/pictM/Y6/Y331056/Y331056810.jpg,https://cdn.jalan.jp/jalan/images/pictM/Y6/Y331056/Y331056565.jpg,https://cdn.jalan.jp/jalan/images/pictM/Y6/Y331056/Y331056023.jpg,"1名 4,000円～",4.2,"5,271件",朝食、風呂、接客高評価,19分前に予約されました,【アクセス】,ＪＲ金沢駅西口より徒歩５分。西口から、右手の高架に沿って直進。金沢東ＩＣ・金沢西ＩＣより車で約１０分,4000.0,4.2,,C（普通）
休暇村　能登千里浜,https://www.jalan.net/yad371925/?stayYear=&stayMonth=&stayDay=&stayCount=1&roomCount=1&dateUndecided=1&adultNum=2&rootCd=04&distCd=01&roomCrack=200000&screenId=UWW1402&yadNo=371925&callbackHistFlg=1,石川県 > 羽咋・かほく,https://cdn.jalan.jp/jalan/images/pictL/Y5/Y371925/Y371925622.jpg,https://cdn.jalan.jp/jalan/images/pictM/Y5/Y371925/Y371925547.jpg,https://cdn.jalan.jp/jalan/images/pictM/Y5/Y371925/Y371925491.jpg,https://cdn.jalan.jp/jalan/images/pictM/Y5/Y371925/Y371925585.jpg,"1名 11,500円～",4.5,675件,風呂、朝食、清潔感高評価,2時間前に予約されました,【アクセス】,車で金沢より１時間　輪島より１時間１５分,11500.0,4.5,,B（良好）
ＪＲ西日本グループ　ヴィアイン金沢,https://www.jalan.net/yad300300/?stayYear=&stayMonth=&stayDay=&stayCount=1&roomCount=1&dateUndecided=1&adultNum=2&rootCd=04&distCd=01&roomCrack=200000&screenId=UWW1402&yadNo=300300&callbackHistFlg=1,石川県 > 金沢・湯涌,https://cdn.jalan.jp/jalan/images/pictL/Y0/Y300300/Y300300343.jpg,https://cdn.jalan.jp/jalan/images/pictM/Y0/Y300300/Y300300455.jpg,https://cdn.jalan.jp/jalan/images/pictM/Y0/Y300300/Y300300464.jpg,https://cdn.jalan.jp/jalan/images/pictM/Y0/Y300300/Y300300355.jpg,"1名 2,600円～",4.3,"2,777件",清潔感、接客、部屋高評価,たった今予約されました,【アクセス】,金沢駅、金沢駅西口（金沢港口）直結。フロントは３階です。,2600.0,4.3,,B（良好）
ハイアット　セントリック　金沢,https://www.jalan.net/yad364246/?stayYear=&stayMonth=&stayDay=&stayCount=1&roomCount=1&dateUndecided=1&adultNum=2&rootCd=04&distCd=01&roomCrack=200000&screenId=UWW1402&yadNo=364246&callbackHistFlg=1,石川県 > 金沢・湯涌,https://cdn.jalan.jp/jalan/images/pictL/Y6/Y364246/Y364246027.jpg,https://cdn.jalan.jp/jalan/images/pictM/Y6/Y364246/Y364246041.jpg,https://cdn.jalan.jp/jalan/images/pictM/Y6/Y364246/Y364246020.jpg,https://cdn.jalan.jp/jalan/images/pictM/Y6/Y364246/Y364246026.jpg,"1名 10,816円～",4.9,111件,部屋、清潔感、朝食高評価,4時間前に予約されました,【アクセス】,金沢駅西口から徒歩約2分,10816.0,4.9,,A（非常好）
ホテルマイステイズ金沢片町,https://www.jalan.net/yad392247/?stayYear=&stayMonth=&stayDay=&stayCount=1&roomCount=1&dateUndecided=1&adultNum=2&rootCd=04&distCd=01&roomCrack=200000&screenId=UWW1402&yadNo=392247&callbackHistFlg=1,石川県 > 金沢・湯涌,https://cdn.jalan.jp/jalan/images/pictL/Y7/Y392247/Y392247342.jpg,https://cdn.jalan.jp/jalan/images/pictM/Y7/Y392247/Y392247294.jpg,https://cdn.jalan.jp/jalan/images/pictM/Y7/Y392247/Y392247314.jpg,https://cdn.jalan.jp/jalan/images/pictM/Y7/Y392247/Y392247313.jpg,"1名 2,040円～",4.2,309件,清潔感、朝食、部屋高評価,たった今予約されました,【アクセス】,JR北陸本線「金沢駅」より車で約10分。北陸自動車道・金沢西ICより約15分。片町スクランブル交差点すぐそば,2040.0,4.2,,C（普通）
アパホテル〈金沢中央〉,https://www.jalan.net/yad323565/?stayYear=&stayMonth=&stayDay=&stayCount=1&roomCount=1&dateUndecided=1&adultNum=2&rootCd=04&distCd=01&roomCrack=200000&screenId=UWW1402&yadNo=323565&callbackHistFlg=1,石川県 > 金沢・湯涌,https://cdn.jalan.jp/jalan/images/pictL/Y5/Y323565/Y323565995.jpg,https://cdn.jalan.jp/jalan/images/pictM/Y5/Y323565/Y323565A67.jpg,https://cdn.jalan.jp/jalan/images/pictM/Y5/Y323565/Y323565608.jpg,https://cdn.jalan.jp/jalan/images/pictM/Y5/Y323565/Y323565A29.jpg,"1名 3,680円～",4.1,143件,風呂、清潔感、部屋高評価,31分前に予約されました,【アクセス】,JR金沢駅からバスで10分、片町バス停下車徒歩1分。北陸自動車道金沢西ICから車で15分。,3680.0,4.1,,C（普通）
金沢 東急ホテル,https://www.jalan.net/yad317689/?stayYear=&stayMonth=&stayDay=&stayCount=1&roomCount=1&dateUndecided=1&adultNum=2&rootCd=04&distCd=01&roomCrack=200000&screenId=UWW1402&yadNo=317689&callbackHistFlg=1,石川県 > 金沢・湯涌,https://cdn.jalan.jp/jalan/images/pictL/Y9/Y317689/Y317689A41.jpg,https://cdn.jalan.jp/jalan/images/pictM/Y9/Y317689/Y317689659.jpg,https://cdn.jalan.jp/jalan/images/pictM/Y9/Y317689/Y317689AX0.jpg,https://cdn.jalan.jp/jalan/images/pictM/Y9/Y317689/Y317689656.jpg,"1名 5,401円～",4.5,832件,接客、清潔感、朝食高評価,20分前に予約されました,【アクセス】,【車】金沢西ICより約20分【電車・バス】JR金沢駅東口より路線バス約7分・香林坊下車,5401.0,4.5,,B（良好）
金沢湯涌温泉 古香里庵,https://www.jalan.net/yad385764/?stayYear=&stayMonth=&stayDay=&stayCount=1&roomCount=1&dateUndecided=1&adultNum=2&rootCd=04&distCd=01&roomCrack=200000&screenId=UWW1402&yadNo=385764&callbackHistFlg=1,石川県 > 金沢・湯涌,https://cdn.jalan.jp/jalan/images/pictL/Y4/Y385764/Y385764108.jpg,https://cdn.jalan.jp/jalan/images/pictM/Y4/Y385764/Y385764023.jpg,https://cdn.jalan.jp/jalan/images/pictM/Y4/Y385764/Y385764093.jpg,https://cdn.jalan.jp/jalan/images/pictM/Y4/Y385764/Y385764103.jpg,"1名 29,800円～",4.9,41件,朝食、夕食、清潔感高評価,43分前に予約されました,【アクセス】,北陸新幹線金沢駅より車で40分　金沢兼六園から車で30分　金沢森本インターから車で30分,29800.0,4.9,,A（非常好）
Ｔマークシティホテル金沢,https://www.jalan.net/yad358240/?stayYear=&stayMonth=&stayDay=&stayCount=1&roomCount=1&dateUndecided=1&adultNum=2&rootCd=04&distCd=01&roomCrack=200000&screenId=UWW1402&yadNo=358240&callbackHistFlg=1,石川県 > 金沢・湯涌,https://cdn.jalan.jp/jalan/images/pictL/Y0/Y358240/Y358240076.jpg,https://cdn.jalan.jp/jalan/images/pictM/Y0/Y358240/Y358240056.jpg,https://cdn.jalan.jp/jalan/images/pictM/Y0/Y358240/Y358240086.jpg,https://cdn.jalan.jp/jalan/images/pictM/Y0/Y358240/Y358240047.jpg,"1名 2,715円～",4.5,144件,部屋、清潔感、接客高評価,1時間前に予約されました,【アクセス】,金沢駅東口より北陸鉄道バスを利用し約13分、「片町」下車徒歩1分,2715.0,4.5,,B（良好）
ホテルマイステイズ金沢キャッスル,https://www.jalan.net/yad335705/?stayYear=&stayMonth=&stayDay=&stayCount=1&roomCount=1&dateUndecided=1&adultNum=2&rootCd=04&distCd=01&roomCrack=200000&screenId=UWW1402&yadNo=335705&callbackHistFlg=1,石川県 > 金沢・湯涌,https://cdn.jalan.jp/jalan/images/pictL/Y5/Y335705/Y335705571.jpg,https://cdn.jalan.jp/jalan/images/pictM/Y5/Y335705/Y335705437.jpg,https://cdn.jalan.jp/jalan/images/pictM/Y5/Y335705/Y335705549.jpg,https://cdn.jalan.jp/jalan/images/pictM/Y5/Y335705/Y335705481.jpg,"1名 2,000円～",4.0,182件,朝食、夕食、部屋高評価,19分前に予約されました,【アクセス】,JR金沢駅東口（兼六園口）から徒歩5分。北陸自動車道金沢東15分、西ICから20分。小松空港から車で50分。,2000.0,4.0,,C（普通）
金沢湯涌温泉　湯の出,https://www.jalan.net/yad352002/?stayYear=&stayMonth=&stayDay=&stayCount=1&roomCount=1&dateUndecided=1&adultNum=2&rootCd=04&distCd=01&roomCrack=200000&screenId=UWW1402&yadNo=352002&callbackHistFlg=1,石川県 > 金沢・湯涌,https://cdn.jalan.jp/jalan/images/pictL/Y2/Y352002/Y352002750.jpg,https://cdn.jalan.jp/jalan/images/pictM/Y2/Y352002/Y352002616.jpg,https://cdn.jalan.jp/jalan/images/pictM/Y2/Y352002/Y352002448.jpg,https://cdn.jalan.jp/jalan/images/pictM/Y2/Y352002/Y352002031.jpg,"1名 19,635円～",4.7,256件,夕食、風呂、接客高評価,1時間前に予約されました,【アクセス】,兼六園より車で25分、金沢駅より車で約40分。金沢森本I.Cから山側環状経由で30分。,19635.0,4.7,,A（非常好）
スマイルホテルプレミアム金沢東口駅前,https://www.jalan.net/yad336188/?stayYear=&stayMonth=&stayDay=&stayCount=1&roomCount=1&dateUndecided=1&adultNum=2&rootCd=04&distCd=01&roomCrack=200000&screenId=UWW1402&yadNo=336188&callbackHistFlg=1,石川県 > 金沢・湯涌,https://cdn.jalan.jp/jalan/images/pictL/Y8/Y336188/Y336188281.jpg,https://cdn.jalan.jp/jalan/images/pictM/Y8/Y336188/Y336188233.jpg,https://cdn.jalan.jp/jalan/images/pictM/Y8/Y336188/Y336188163.jpg,https://cdn.jalan.jp/jalan/images/pictM/Y8/Y336188/Y336188231.jpg,"1名 2,790円～",4.3,104件,部屋、朝食、清潔感高評価,16分前に予約されました,【アクセス】,ＪＲ北陸本線「金沢駅」東口より徒歩3分,2790.0,4.3,,B（良好）
ホテル金沢,https://www.jalan.net/yad368768/?stayYear=&stayMonth=&stayDay=&stayCount=1&roomCount=1&dateUndecided=1&adultNum=2&rootCd=04&distCd=01&roomCrack=200000&screenId=UWW1402&yadNo=368768&callbackHistFlg=1,石川県 > 金沢・湯涌,https://cdn.jalan.jp/jalan/images/pictL/Y8/Y368768/Y368768840.jpg,https://cdn.jalan.jp/jalan/images/pictM/Y8/Y368768/Y368768861.jpg,https://cdn.jalan.jp/jalan/images/pictM/Y8/Y368768/Y368768844.jpg,https://cdn.jalan.jp/jalan/images/pictM/Y8/Y368768/Y368768105.jpg,"1名 2,820円～",4.4,870件,朝食、夕食、部屋高評価,2時間前に予約されました,【アクセス】,金沢駅の兼六園口（東口）より徒歩約1分　※東口バスターミナル１番乗り場近く,2820.0,4.4,,B（良好）
東急ステイ金沢,https://www.jalan.net/yad329525/?stayYear=&stayMonth=&stayDay=&stayCount=1&roomCount=1&dateUndecided=1&adultNum=2&rootCd=04&distCd=01&roomCrack=200000&screenId=UWW1402&yadNo=329525&callbackHistFlg=1,石川県 > 金沢・湯涌,https://cdn.jalan.jp/jalan/images/pictL/Y5/Y329525/Y329525472.jpg,https://cdn.jalan.jp/jalan/images/pictM/Y5/Y329525/Y329525464.jpg,https://cdn.jalan.jp/jalan/images/pictM/Y5/Y329525/Y329525108.jpg,https://cdn.jalan.jp/jalan/images/pictM/Y5/Y329525/Y329525456.jpg,"1名 4,788円～",4.7,290件,部屋、清潔感、接客高評価,5時間前に予約されました,【アクセス】,金沢駅兼六園口(東口)から、北陸鉄道バス7分　南町・尾山神社下車　徒歩1分,4788.0,4.7,,A（非常好）
ホテルアマネク金沢,https://www.jalan.net/yad384494/?stayYear=&stayMonth=&stayDay=&stayCount=1&roomCount=1&dateUndecided=1&adultNum=2&rootCd=04&distCd=01&roomCrack=200000&screenId=UWW1402&yadNo=384494&callbackHistFlg=1,石川県 > 金沢・湯涌,https://cdn.jalan.jp/jalan/images/pictL/Y4/Y384494/Y384494255.jpg,https://cdn.jalan.jp/jalan/images/pictM/Y4/Y384494/Y384494060.jpg,https://cdn.jalan.jp/jalan/images/pictM/Y4/Y384494/Y384494397.jpg,https://cdn.jalan.jp/jalan/images/pictM/Y4/Y384494/Y384494250.jpg,"1名 3,070円～",4.7,265件,朝食、部屋、清潔感高評価,1時間前に予約されました,【アクセス】,金沢駅（東口） 7番乗り場より金沢周遊バス、 片町（パシオン前）バス停まで約12分、バス停より徒歩約3分 ,3070.0,4.7,,A（非常好）
ホテルルートイン金沢駅前,https://www.jalan.net/yad374216/?stayYear=&stayMonth=&stayDay=&stayCount=1&roomCount=1&dateUndecided=1&adultNum=2&rootCd=04&distCd=01&roomCrack=200000&screenId=UWW1402&yadNo=374216&callbackHistFlg=1,石川県 > 金沢・湯涌,https://cdn.jalan.jp/jalan/images/pictL/Y6/Y374216/Y374216427.jpg,https://cdn.jalan.jp/jalan/images/pictM/Y6/Y374216/Y374216278.jpg,https://cdn.jalan.jp/jalan/images/pictM/Y6/Y374216/Y374216424.jpg,https://cdn.jalan.jp/jalan/images/pictM/Y6/Y374216/Y374216293.jpg,"1名 5,525円～",4.3,"1,102件",清潔感、風呂、部屋高評価,18分前に予約されました,【アクセス】,JR北陸本線　金沢駅東口より徒歩５分 北陸自動車道　金沢西IC・金沢東ICより車で１５分,5525.0,4.3,,B（良好）
金沢の宿　由屋るる犀々(ゆうやるるさいさい),https://www.jalan.net/yad334093/?stayYear=&stayMonth=&stayDay=&stayCount=1&roomCount=1&dateUndecided=1&adultNum=2&rootCd=04&distCd=01&roomCrack=200000&screenId=UWW1402&yadNo=334093&callbackHistFlg=1,石川県 > 金沢・湯涌,https://cdn.jalan.jp/jalan/images/pictL/Y3/Y334093/Y334093523.jpg,https://cdn.jalan.jp/jalan/images/pictM/Y3/Y334093/Y334093579.jpg,https://cdn.jalan.jp/jalan/images/pictM/Y3/Y334093/Y334093563.jpg,https://cdn.jalan.jp/jalan/images/pictM/Y3/Y334093/Y334093472.jpg,"1名 13,050円～",4.9,385件,接客、清潔感、朝食高評価,2時間前に予約されました,【アクセス】,◆JR金沢駅より車10分バス20分◆小松空港よりバス（金沢駅乗り換え）60分◆北陸自動車道金沢西ICより車15分,13050.0,4.9,,A（非常好）
金沢の奥座敷・歴代藩主も愛した湯　お宿やました,https://www.jalan.net/yad306202/?stayYear=&stayMonth=&stayDay=&stayCount=1&roomCount=1&dateUndecided=1&adultNum=2&rootCd=04&distCd=01&roomCrack=200000&screenId=UWW1402&yadNo=306202&callbackHistFlg=1,石川県 > 金沢・湯涌,https://cdn.jalan.jp/jalan/images/pictL/Y2/Y306202/Y306202270.jpg,https://cdn.jalan.jp/jalan/images/pictM/Y2/Y306202/Y306202324.jpg,https://cdn.jalan.jp/jalan/images/pictM/Y2/Y306202/Y306202330.jpg,https://cdn.jalan.jp/jalan/images/pictM/Y2/Y306202/Y306202328.jpg,"1名 12,700円～",4.6,233件,夕食、接客、清潔感高評価,19時間前に予約されました,【アクセス】,JR北陸本線金沢駅下車、バスで45分(車で30分),12700.0,4.6,,B（良好）
金沢・深谷温泉　元湯石屋　能舞台のある秘湯の一軒宿,https://www.jalan.net/yad347437/?stayYear=&stayMonth=&stayDay=&stayCount=1&roomCount=1&dateUndecided=1&adultNum=2&rootCd=04&distCd=01&roomCrack=200000&screenId=UWW1402&yadNo=347437&callbackHistFlg=1,石川県 > 金沢・湯涌,https://cdn.jalan.jp/jalan/images/pictL/Y7/Y347437/Y347437551.jpg,https://cdn.jalan.jp/jalan/images/pictM/Y7/Y347437/Y347437545.jpg,https://cdn.jalan.jp/jalan/images/pictM/Y7/Y347437/Y347437143.jpg,https://cdn.jalan.jp/jalan/images/pictM/Y7/Y347437/Y347437558.jpg,"1名 25,300円～",4.6,294件,夕食、接客、風呂高評価,1時間前に予約されました,【アクセス】,ＪＲ金沢駅から車で20分。IRいしかわ森本駅より車で7分。北陸自動車道金沢森本ＩＣより車で5分,25300.0,4.6,,B（良好）
ＡＮＡクラウンプラザホテル金沢,https://www.jalan.net/yad319051/?stayYear=&stayMonth=&stayDay=&stayCount=1&roomCount=1&dateUndecided=1&adultNum=2&rootCd=04&distCd=01&roomCrack=200000&screenId=UWW1402&yadNo=319051&callbackHistFlg=1,石川県 > 金沢・湯涌,https://cdn.jalan.jp/jalan/images/pictL/Y1/Y319051/Y319051A27.jpg,https://cdn.jalan.jp/jalan/images/pictM/Y1/Y319051/Y319051AV6.jpg,https://cdn.jalan.jp/jalan/images/pictM/Y1/Y319051/Y319051A56.jpg,https://cdn.jalan.jp/jalan/images/pictM/Y1/Y319051/Y319051AR0.jpg,"1名 5,963円～",4.2,"1,736件",朝食、接客、清潔感高評価,54分前に予約されました,【アクセス】,JR金沢駅東口より徒歩1分。小松空港よりバス40分。バス停からホテルまで徒歩1分。,5963.0,4.2,,C（普通）
満天の湯・道の宿（マンテンホテルチェーン）,https://www.jalan.net/yad361369/?stayYear=&stayMonth=&stayDay=&stayCount=1&roomCount=1&dateUndecided=1&adultNum=2&rootCd=04&distCd=01&roomCrack=200000&screenId=UWW1402&yadNo=361369&callbackHistFlg=1,石川県 > 金沢・湯涌,https://cdn.jalan.jp/jalan/images/pictL/Y9/Y361369/Y361369009.jpg,https://cdn.jalan.jp/jalan/images/pictM/Y9/Y361369/Y361369010.jpg,https://cdn.jalan.jp/jalan/images/pictM/Y9/Y361369/Y361369026.jpg,https://cdn.jalan.jp/jalan/images/pictM/Y9/Y361369/Y361369008.jpg,"1名 4,227円～",4.3,335件,風呂、部屋、清潔感高評価,3時間前に予約されました,【アクセス】,北陸自動車道・白山I.C.より車で6分。JR松任駅より車で5分。,4227.0,4.3,,B（良好）
金沢ニューグランドホテルプレステージ,https://www.jalan.net/yad321933/?stayYear=&stayMonth=&stayDay=&stayCount=1&roomCount=1&dateUndecided=1&adultNum=2&rootCd=04&distCd=01&roomCrack=200000&screenId=UWW1402&yadNo=321933&callbackHistFlg=1,石川県 > 金沢・湯涌,https://cdn.jalan.jp/jalan/images/pictL/Y3/Y321933/Y321933622.jpg,https://cdn.jalan.jp/jalan/images/pictM/Y3/Y321933/Y321933651.jpg,https://cdn.jalan.jp/jalan/images/pictM/Y3/Y321933/Y321933759.jpg,https://cdn.jalan.jp/jalan/images/pictM/Y3/Y321933/Y321933646.jpg,"1名 3,500円～",4.5,548件,部屋、朝食、接客高評価,6時間前に予約されました,【アクセス】,ＪＲ金沢駅東口より路線バス7分南町バス停下車、小松空港より特急バス40分香林坊バス停下車徒歩2分,3500.0,4.5,,B（良好）
ホテルウィングインターナショナルプレミアム金沢駅前,https://www.jalan.net/yad357900/?stayYear=&stayMonth=&stayDay=&stayCount=1&roomCount=1&dateUndecided=1&adultNum=2&rootCd=04&distCd=01&roomCrack=200000&screenId=UWW1402&yadNo=357900&callbackHistFlg=1,石川県 > 金沢・湯涌,https://cdn.jalan.jp/jalan/images/pictL/Y0/Y357900/Y357900297.jpg,https://cdn.jalan.jp/jalan/images/pictM/Y0/Y357900/Y357900649.jpg,https://cdn.jalan.jp/jalan/images/pictM/Y0/Y357900/Y357900358.jpg,https://cdn.jalan.jp/jalan/images/pictM/Y0/Y357900/Y357900332.jpg,"1名 2,465円～",4.3,602件,朝食、清潔感、部屋高評価,1時間前に予約されました,【アクセス】,JR北陸本線・北陸新幹線「金沢駅」兼六園口（東口）より徒歩約5分　・　小松空港よりリムジンバスで約50分,2465.0,4.3,,B（良好）
KUMU 金沢 by THE SHARE HOTELS,https://www.jalan.net/yad392056/?stayYear=&stayMonth=&stayDay=&stayCount=1&roomCount=1&dateUndecided=1&adultNum=2&rootCd=04&distCd=01&roomCrack=200000&screenId=UWW1402&yadNo=392056&callbackHistFlg=1,石川県 > 金沢・湯涌,https://cdn.jalan.jp/jalan/images/pictL/Y6/Y392056/Y392056682.jpg,https://cdn.jalan.jp/jalan/images/pictM/Y6/Y392056/Y392056661.jpg,https://cdn.jalan.jp/jalan/images/pictM/Y6/Y392056/Y392056721.jpg,https://cdn.jalan.jp/jalan/images/pictM/Y6/Y392056/Y392056697.jpg,"1名 4,550円～",4.6,171件,清潔感、部屋、接客高評価,20時間前に予約されました,【アクセス】,JR金沢駅から徒歩19分 / JR金沢駅からタクシーで8分 / 北鉄バス・ＪＲバス「南町・尾山神社」徒歩1分,4550.0,4.6,,B（良好）
ＡＮＡホリデイ・イン金沢スカイ,https://www.jalan.net/yad330882/?stayYear=&stayMonth=&stayDay=&stayCount=1&roomCount=1&dateUndecided=1&adultNum=2&rootCd=04&distCd=01&roomCrack=200000&screenId=UWW1402&yadNo=330882&callbackHistFlg=1,石川県 > 金沢・湯涌,https://cdn.jalan.jp/jalan/images/pictL/Y2/Y330882/Y330882339.jpg,https://cdn.jalan.jp/jalan/images/pictM/Y2/Y330882/Y330882794.jpg,https://cdn.jalan.jp/jalan/images/pictM/Y2/Y330882/Y330882803.jpg,https://cdn.jalan.jp/jalan/images/pictM/Y2/Y330882/Y330882770.jpg,"1名 3,600円～",4.2,869件,朝食、接客、清潔感高評価,2時間前に予約されました,【アクセス】,"金沢の中心部「武蔵ヶ辻、近江町市場」へは,ＪＲ金沢駅より徒歩約10分・タクシー又はバスにて約5分。",3600.0,4.2,,C（普通）
木津屋旅館,https://www.jalan.net/yad350538/?stayYear=&stayMonth=&stayDay=&stayCount=1&roomCount=1&dateUndecided=1&adultNum=2&rootCd=04&distCd=01&roomCrack=200000&screenId=UWW1402&yadNo=350538&callbackHistFlg=1,石川県 > 金沢・湯涌,https://cdn.jalan.jp/jalan/images/pictL/Y8/Y350538/Y350538010.jpg,https://cdn.jalan.jp/jalan/images/pictM/Y8/Y350538/Y350538009.jpg,https://cdn.jalan.jp/jalan/images/pictM/Y8/Y350538/Y350538006.jpg,https://cdn.jalan.jp/jalan/images/pictM/Y8/Y350538/Y350538001.jpg,"1名 8,250円～",4.8,64件,部屋、接客、清潔感高評価,6時間前に予約されました,【アクセス】,金沢駅より徒歩約15分　　金沢東ＩＣより車で10分,8250.0,4.8,,A（非常好）
カメリアイン雪椿,https://www.jalan.net/yad388540/?stayYear=&stayMonth=&stayDay=&stayCount=1&roomCount=1&dateUndecided=1&adultNum=2&rootCd=04&distCd=01&roomCrack=200000&screenId=UWW1402&yadNo=388540&callbackHistFlg=1,石川県 > 金沢・湯涌,https://cdn.jalan.jp/jalan/images/pictL/Y0/Y388540/Y388540105.jpg,https://cdn.jalan.jp/jalan/images/pictM/Y0/Y388540/Y388540118.jpg,https://cdn.jalan.jp/jalan/images/pictM/Y0/Y388540/Y388540089.jpg,https://cdn.jalan.jp/jalan/images/pictM/Y0/Y388540/Y388540108.jpg,"1名 8,250円～",4.8,191件,朝食、接客、清潔感高評価,20時間前に予約されました,【アクセス】,ＪＲ金沢駅よりバスで10分／金沢森本インターより１０分。金沢西インターより１５分。,8250.0,4.8,,A（非常好）
ガーデンホテル金沢,https://www.jalan.net/yad331630/?stayYear=&stayMonth=&stayDay=&stayCount=1&roomCount=1&dateUndecided=1&adultNum=2&rootCd=04&distCd=01&roomCrack=200000&screenId=UWW1402&yadNo=331630&callbackHistFlg=1,石川県 > 金沢・湯涌,https://cdn.jalan.jp/jalan/images/pictL/Y0/Y331630/Y331630838.jpg,https://cdn.jalan.jp/jalan/images/pictM/Y0/Y331630/Y331630455.jpg,https://cdn.jalan.jp/jalan/images/pictM/Y0/Y331630/Y331630458.jpg,https://cdn.jalan.jp/jalan/images/pictM/Y0/Y331630/Y331630636.jpg,"1名 3,000円～",4.1,99件,朝食、接客高評価,たった今予約されました,【アクセス】,JR金沢駅兼六園口（東口）から徒歩1分,3000.0,4.1,,C（普通）
トリフィートホテル＆ポッド金沢百万石通,https://www.jalan.net/yad314738/?stayYear=&stayMonth=&stayDay=&stayCount=1&roomCount=1&dateUndecided=1&adultNum=2&rootCd=04&distCd=01&roomCrack=200000&screenId=UWW1402&yadNo=314738&callbackHistFlg=1,石川県 > 金沢・湯涌,https://cdn.jalan.jp/jalan/images/pictL/Y8/Y314738/Y314738036.jpg,https://cdn.jalan.jp/jalan/images/pictM/Y8/Y314738/Y314738063.jpg,https://cdn.jalan.jp/jalan/images/pictM/Y8/Y314738/Y314738204.jpg,https://cdn.jalan.jp/jalan/images/pictM/Y8/Y314738/Y314738040.jpg,"1名 2,250円～",4.2,287件,清潔感、風呂、部屋高評価,12分前に予約されました,【アクセス】,金沢駅東口から市内バスで約7分と好立地☆彡 ホテル目の前すぐバス停！,2250.0,4.2,,C（普通）
ARIGATO STAY金沢片町（旧ホテルトレンド金沢片町）,https://www.jalan.net/yad390712/?stayYear=&stayMonth=&stayDay=&stayCount=1&roomCount=1&dateUndecided=1&adultNum=2&rootCd=04&distCd=01&roomCrack=200000&screenId=UWW1402&yadNo=390712&callbackHistFlg=1,石川県 > 金沢・湯涌,https://cdn.jalan.jp/jalan/images/pictL/Y2/Y390712/Y390712184.jpg,https://cdn.jalan.jp/jalan/images/pictM/Y2/Y390712/Y390712199.jpg,https://cdn.jalan.jp/jalan/images/pictM/Y2/Y390712/Y390712186.jpg,https://cdn.jalan.jp/jalan/images/pictM/Y2/Y390712/Y390712188.jpg,"1名 3,150円～",4.6,130件,部屋、清潔感、接客高評価,7時間前に予約されました,【アクセス】,JR金沢駅より車ー約9分,3150.0,4.6,,B（良好）
金沢シティホテル,https://www.jalan.net/yad394154/?stayYear=&stayMonth=&stayDay=&stayCount=1&roomCount=1&dateUndecided=1&adultNum=2&rootCd=04&distCd=01&roomCrack=200000&screenId=UWW1402&yadNo=394154&callbackHistFlg=1,石川県 > 金沢・湯涌,https://cdn.jalan.jp/jalan/images/pictL/Y4/Y394154/Y394154068.jpg,https://cdn.jalan.jp/jalan/images/pictM/Y4/Y394154/Y394154087.jpg,https://cdn.jalan.jp/jalan/images/pictM/Y4/Y394154/Y394154091.jpg,https://cdn.jalan.jp/jalan/images/pictM/Y4/Y394154/Y394154011.jpg,"1名 5,250円～",4.4,"1,061件",接客、朝食、部屋高評価,29分前に予約されました,【アクセス】,JR金沢駅「東口」より徒歩10分／北陸自動車道金沢東ICより車で15分／北陸自動車道金沢西ICより車で20分 ,5250.0,4.4,,B（良好）
ホテルパシフィック金沢,https://www.jalan.net/yad307100/?stayYear=&stayMonth=&stayDay=&stayCount=1&roomCount=1&dateUndecided=1&adultNum=2&rootCd=04&distCd=01&roomCrack=200000&screenId=UWW1402&yadNo=307100&callbackHistFlg=1,石川県 > 金沢・湯涌,https://cdn.jalan.jp/jalan/images/pictL/Y0/Y307100/Y307100182.jpg,https://cdn.jalan.jp/jalan/images/pictM/Y0/Y307100/Y307100164.jpg,https://cdn.jalan.jp/jalan/images/pictM/Y0/Y307100/Y307100158.jpg,https://cdn.jalan.jp/jalan/images/pictM/Y0/Y307100/Y307100150.jpg,"1名 4,000円～",4.8,196件,接客、清潔感、部屋高評価,1時間前に予約されました,【アクセス】,JR金沢駅東口バス乗り場より3、6、7、8、9、10番乗車「武蔵ヶ辻」バス停下車（約3分）,4000.0,4.8,,A（非常好）
天然温泉リラックスパーク　テルメ金沢,https://www.jalan.net/yad324912/?stayYear=&stayMonth=&stayDay=&stayCount=1&roomCount=1&dateUndecided=1&adultNum=2&rootCd=04&distCd=01&roomCrack=200000&screenId=UWW1402&yadNo=324912&callbackHistFlg=1,石川県 > 金沢・湯涌,https://cdn.jalan.jp/jalan/images/pictL/Y2/Y324912/Y324912390.jpg,https://cdn.jalan.jp/jalan/images/pictM/Y2/Y324912/Y324912308.jpg,https://cdn.jalan.jp/jalan/images/pictM/Y2/Y324912/Y324912324.jpg,https://cdn.jalan.jp/jalan/images/pictM/Y2/Y324912/Y324912395.jpg,"1名 5,225円～",4.1,535件,風呂、夕食高評価,17分前に予約されました,【アクセス】,北陸自動車道　金沢西ICより１分／ＪＲ金沢駅よりお車にて１０分,5225.0,4.1,,C（普通）
金沢湯涌温泉　日本料理さかえや,https://www.jalan.net/yad364351/?roomCrack=200000&stayYear=&stayMonth=&stayDay=&stayCount=1&roomCount=1&dateUndecided=1&adultNum=2&rootCd=04&distCd=01&screenId=UWW1402&yadNo=364351&callbackHistFlg=1,石川県 > 金沢・湯涌,https://cdn.jalan.jp/jalan/images/pictL/Y1/Y364351/Y364351030.jpg,https://cdn.jalan.jp/jalan/images/pictM/Y1/Y364351/Y364351146.jpg,https://cdn.jalan.jp/jalan/images/pictM/Y1/Y364351/Y364351111.jpg,https://cdn.jalan.jp/jalan/images/pictM/Y1/Y364351/Y364351152.jpg,"1名 18,700円～",4.4,291件,接客、朝食、夕食高評価,35分前に予約されました,【アクセス】,金沢駅より「県道30号線」を30分、ナビ設定の際は「TEL:076-235-1216」をご登録下さい。,18700.0,4.4,,B（良好）
チサンバジェット金沢駅前,https://www.jalan.net/yad381161/?roomCrack=200000&stayYear=&stayMonth=&stayDay=&stayCount=1&roomCount=1&dateUndecided=1&adultNum=2&rootCd=04&distCd=01&screenId=UWW1402&yadNo=381161&callbackHistFlg=1,石川県 > 金沢・湯涌,https://cdn.jalan.jp/jalan/images/pictL/Y1/Y381161/Y381161001.jpg,https://cdn.jalan.jp/jalan/images/pictM/Y1/Y381161/Y381161089.jpg,https://cdn.jalan.jp/jalan/images/pictM/Y1/Y381161/Y381161010.jpg,https://cdn.jalan.jp/jalan/images/pictM/Y1/Y381161/Y381161002.jpg,"1名 2,250円～",3.8,339件,清潔感高評価,33分前に予約されました,【アクセス】,JR金沢駅金沢港口（西口）徒歩5分,2250.0,3.8,,D（一般以下）
まごころ伝える小さなお宿 北陸金沢の創作加賀会席 旅館 橋本屋,https://www.jalan.net/yad315508/?roomCrack=200000&stayYear=&stayMonth=&stayDay=&stayCount=1&roomCount=1&dateUndecided=1&adultNum=2&rootCd=04&distCd=01&screenId=UWW1402&yadNo=315508&callbackHistFlg=1,石川県 > 金沢・湯涌,https://cdn.jalan.jp/jalan/images/pictL/Y8/Y315508/Y315508480.jpg,https://cdn.jalan.jp/jalan/images/pictM/Y8/Y315508/Y315508477.jpg,https://cdn.jalan.jp/jalan/images/pictM/Y8/Y315508/Y315508442.jpg,https://cdn.jalan.jp/jalan/images/pictM/Y8/Y315508/Y315508446.jpg,"1名 10,000円～",4.4,377件,朝食、夕食、清潔感高評価,3時間前に予約されました,【アクセス】,【金沢駅】車で15分・9番乗り場→バス20分/十一屋下車前●近江町市場→車10分●無料駐車場10台,10000.0,4.4,,B（良好）
ＡＢホテル金沢,https://www.jalan.net/yad347012/?roomCrack=200000&stayYear=&stayMonth=&stayDay=&stayCount=1&roomCount=1&dateUndecided=1&adultNum=2&rootCd=04&distCd=01&screenId=UWW1402&yadNo=347012&callbackHistFlg=1,石川県 > 金沢・湯涌,https://cdn.jalan.jp/jalan/images/pictL/Y2/Y347012/Y347012040.jpg,https://cdn.jalan.jp/jalan/images/pictM/Y2/Y347012/Y347012033.jpg,https://cdn.jalan.jp/jalan/images/pictM/Y2/Y347012/Y347012081.jpg,https://cdn.jalan.jp/jalan/images/pictM/Y2/Y347012/Y347012042.jpg,"1名 3,000円～",4.1,365件,清潔感、部屋、接客高評価,2時間前に予約されました,【アクセス】,北陸新幹線・ＪＲ金沢駅西口より徒歩1分。北陸自動車道『金沢西・東ＩＣ』より車で約15分の好アクセス。,3000.0,4.1,,C（普通）
山海の幸を楽しむ宿 山音(やまね),https://www.jalan.net/yad355158/?roomCrack=200000&stayYear=&stayMonth=&stayDay=&stayCount=1&roomCount=1&dateUndecided=1&adultNum=2&rootCd=04&distCd=01&screenId=UWW1402&yadNo=355158&callbackHistFlg=1,石川県 > 金沢・湯涌,https://cdn.jalan.jp/jalan/images/pictL/Y8/Y355158/Y355158042.jpg,https://cdn.jalan.jp/jalan/images/pictM/Y8/Y355158/Y355158076.jpg,https://cdn.jalan.jp/jalan/images/pictM/Y8/Y355158/Y355158004.jpg,https://cdn.jalan.jp/jalan/images/pictM/Y8/Y355158/Y355158002.jpg,"1名 18,700円～",4.1,303件,接客、夕食、朝食高評価,7時間前に予約されました,【アクセス】,金沢の中心「兼六園」より車で20分、金沢駅より車で30分。金沢森本ICより車で30分,18700.0,4.1,,C（普通）
アパホテル〈金沢西〉,https://www.jalan.net/yad322566/?roomCrack=200000&stayYear=&stayMonth=&stayDay=&stayCount=1&roomCount=1&dateUndecided=1&adultNum=2&rootCd=04&distCd=01&screenId=UWW1402&yadNo=322566&callbackHistFlg=1,石川県 > 金沢・湯涌,https://cdn.jalan.jp/jalan/images/pictL/Y6/Y322566/Y322566AK8.jpg,https://cdn.jalan.jp/jalan/images/pictM/Y6/Y322566/Y322566AH6.jpg,https://cdn.jalan.jp/jalan/images/pictM/Y6/Y322566/Y322566AK1.jpg,https://cdn.jalan.jp/jalan/images/pictM/Y6/Y322566/Y322566AN1.jpg,"1名 3,150円～",3.9,"1,520件",部屋、清潔感高評価,33分前に予約されました,【アクセス】,北陸自動車道　金沢西インター（上り）1分、北陸新幹線金沢駅　金沢港口（西口）から車で約15分,3150.0,3.9,,D（一般以下）
すみよしや旅館,https://www.jalan.net/yad364336/?roomCrack=200000&stayYear=&stayMonth=&stayDay=&stayCount=1&roomCount=1&dateUndecided=1&adultNum=2&rootCd=04&distCd=01&screenId=UWW1402&yadNo=364336&callbackHistFlg=1,石川県 > 金沢・湯涌,https://cdn.jalan.jp/jalan/images/pictL/Y6/Y364336/Y364336003.jpg,https://cdn.jalan.jp/jalan/images/pictM/Y6/Y364336/Y364336037.jpg,https://cdn.jalan.jp/jalan/images/pictM/Y6/Y364336/Y364336029.jpg,https://cdn.jalan.jp/jalan/images/pictM/Y6/Y364336/Y364336027.jpg,"1名 7,300円～",4.9,8件,朝食、清潔感、接客高評価,,【アクセス】,JR金沢駅より、徒歩15分又は金沢駅東口バス乗り場より（⑥⑦⑧）乗車3分、「武蔵ヶ辻」バス停下車、徒歩3分,7300.0,4.9,,A（非常好）
道の駅　倶利伽羅塾（くりからじゅく）,https://www.jalan.net/yad332725/?roomCrack=200000&stayYear=&stayMonth=&stayDay=&stayCount=1&roomCount=1&dateUndecided=1&adultNum=2&rootCd=04&distCd=01&screenId=UWW1402&yadNo=332725&callbackHistFlg=1,石川県 > 羽咋・かほく,https://cdn.jalan.jp/jalan/images/pictL/Y5/Y332725/Y332725113.jpg,https://cdn.jalan.jp/jalan/images/pictM/Y5/Y332725/Y332725162.jpg,https://cdn.jalan.jp/jalan/images/pictM/Y5/Y332725/Y332725181.jpg,https://cdn.jalan.jp/jalan/images/pictM/Y5/Y332725/Y332725100.jpg,"1名 4,500円～",4.4,179件,接客、部屋、清潔感高評価,38分前に予約されました,【アクセス】,IＲ津幡駅より車で１０分 北陸道金沢森本ＩＣから１５分　富山福岡ＩＣから１５分,4500.0,4.4,,B（良好）
フォーポイント フレックス by シェラトン 金沢,https://www.jalan.net/yad396197/?roomCrack=200000&stayYear=&stayMonth=&stayDay=&stayCount=1&roomCount=1&dateUndecided=1&adultNum=2&rootCd=04&distCd=01&screenId=UWW1402&yadNo=396197&callbackHistFlg=1,石川県 > 金沢・湯涌,https://cdn.jalan.jp/jalan/images/pictL/Y7/Y396197/Y396197474.jpg,https://cdn.jalan.jp/jalan/images/pictM/Y7/Y396197/Y396197478.jpg,https://cdn.jalan.jp/jalan/images/pictM/Y7/Y396197/Y396197473.jpg,https://cdn.jalan.jp/jalan/images/pictM/Y7/Y396197/Y396197477.jpg,"1名 2,750円～",4.5,364件,清潔感、部屋、接客高評価,3時間前に予約されました,【アクセス】,JR「金沢」駅（兼六園口／東口）より徒歩15分　バス利用8分乗車200円,2750.0,4.5,,B（良好）
アパホテル〈金沢片町〉,https://www.jalan.net/yad326989/?roomCrack=200000&stayYear=&stayMonth=&stayDay=&stayCount=1&roomCount=1&dateUndecided=1&adultNum=2&rootCd=04&distCd=01&screenId=UWW1402&yadNo=326989&callbackHistFlg=1,石川県 > 金沢・湯涌,https://cdn.jalan.jp/jalan/images/pictL/Y9/Y326989/Y326989AS0.jpg,https://cdn.jalan.jp/jalan/images/pictM/Y9/Y326989/Y326989AP4.jpg,https://cdn.jalan.jp/jalan/images/pictM/Y9/Y326989/Y326989AS1.jpg,https://cdn.jalan.jp/jalan/images/pictM/Y9/Y326989/Y326989AQ5.jpg,"1名 3,420円～",4.0,"1,382件",部屋、接客、風呂高評価,42分前に予約されました,【アクセス】,金沢駅兼六園口(東口)から「片町」バス停下車徒歩5分 / 北陸自動車道「金沢西I.C」から車で約10分,3420.0,4.0,,C（普通）
中安旅館,https://www.jalan.net/yad319794/?roomCrack=200000&stayYear=&stayMonth=&stayDay=&stayCount=1&roomCount=1&dateUndecided=1&adultNum=2&rootCd=04&distCd=01&screenId=UWW1402&yadNo=319794&callbackHistFlg=1,石川県 > 金沢・湯涌,https://cdn.jalan.jp/jalan/images/pictL/Y4/Y319794/Y319794038.jpg,https://cdn.jalan.jp/jalan/images/pictM/0/00050/00050299.jpg,https://cdn.jalan.jp/jalan/images/pictM/0/00050/00050300.jpg,https://cdn.jalan.jp/jalan/images/pictM/Y4/Y319794/Y319794038.jpg,"1名 9,100円～",4.2,7件,接客、清潔感、朝食高評価,,【アクセス】,JR金沢駅よりタクシーで7分、徒歩20分、最寄バス停「尾張町」より徒歩２分,9100.0,4.2,,C（普通）
天然温泉金沢ゆめのゆ,https://www.jalan.net/yad322414/?roomCrack=200000&stayYear=&stayMonth=&stayDay=&stayCount=1&roomCount=1&dateUndecided=1&adultNum=2&rootCd=04&distCd=01&screenId=UWW1402&yadNo=322414&callbackHistFlg=1,石川県 > 金沢・湯涌,https://cdn.jalan.jp/jalan/images/pictL/Y4/Y322414/Y322414084.jpg,https://cdn.jalan.jp/jalan/images/pictM/Y4/Y322414/Y322414135.jpg,https://cdn.jalan.jp/jalan/images/pictM/Y4/Y322414/Y322414206.jpg,https://cdn.jalan.jp/jalan/images/pictM/Y4/Y322414/Y322414052.jpg,"1名 3,800円～",3.9,444件,風呂高評価,35分前に予約されました,【アクセス】,金沢西ＩＣ～富山方面へ車で５分。国道８号沿。JR金沢駅港口「団体バス乗降所」～無料シャトルバス運行中！,3800.0,3.9,,D（一般以下）
金城樓,https://www.jalan.net/yad321262/?roomCrack=200000&stayYear=&stayMonth=&stayDay=&stayCount=1&roomCount=1&dateUndecided=1&adultNum=2&rootCd=04&distCd=01&screenId=UWW1402&yadNo=321262&callbackHistFlg=1,石川県 > 金沢・湯涌,https://cdn.jalan.jp/jalan/images/pictL/Y2/Y321262/Y321262107.jpg,https://cdn.jalan.jp/jalan/images/pictM/Y2/Y321262/Y321262113.jpg,https://cdn.jalan.jp/jalan/images/pictM/Y2/Y321262/Y321262117.jpg,https://cdn.jalan.jp/jalan/images/pictM/Y2/Y321262/Y321262106.jpg,"1名 38,500円～",,,,,【アクセス】,ＪＲ金沢駅より車にて10分,38500.0,,,D（一般以下）
エイトポイントイン金沢,https://www.jalan.net/yad384837/?roomCrack=200000&stayYear=&stayMonth=&stayDay=&stayCount=1&roomCount=1&dateUndecided=1&adultNum=2&rootCd=04&distCd=01&screenId=UWW1402&yadNo=384837&callbackHistFlg=1,石川県 > 金沢・湯涌,https://cdn.jalan.jp/jalan/images/pictL/Y7/Y384837/Y384837138.jpg,https://cdn.jalan.jp/jalan/images/pictM/Y7/Y384837/Y384837133.jpg,https://cdn.jalan.jp/jalan/images/pictM/Y7/Y384837/Y384837129.jpg,https://cdn.jalan.jp/jalan/images/pictM/Y7/Y384837/Y384837135.jpg,"1名 1,800円～",4.1,99件,清潔感、部屋高評価,1時間前に予約されました,【アクセス】,JR金沢駅兼六園口（東口）からバスで約10分乗車、香林坊（アトリオ前）下車。徒歩で約5分です。,1800.0,4.1,,C（普通）
ファーストホテル金沢（2020年3月10日オープン）,https://www.jalan.net/yad305289/?roomCrack=200000&stayYear=&stayMonth=&stayDay=&stayCount=1&roomCount=1&dateUndecided=1&adultNum=2&rootCd=04&distCd=01&screenId=UWW1402&yadNo=305289&callbackHistFlg=1,石川県 > 金沢・湯涌,https://cdn.jalan.jp/jalan/images/pictL/Y9/Y305289/Y305289130.jpg,https://cdn.jalan.jp/jalan/images/pictM/Y9/Y305289/Y305289184.jpg,https://cdn.jalan.jp/jalan/images/pictM/Y9/Y305289/Y305289043.jpg,https://cdn.jalan.jp/jalan/images/pictM/Y9/Y305289/Y305289132.jpg,"1名 5,700円～",4.2,116件,風呂、清潔感、部屋高評価,,【アクセス】,JR金沢駅兼六園口（東口）よりバス約10分「広坂・21世紀美術館」下車すぐ。「香林坊」下車徒歩約5分。,5700.0,4.2,,C（普通）
ＫＫＲホテル金沢（国家公務員共済組合連合会金沢共済会館）,https://www.jalan.net/yad363768/?roomCrack=200000&stayYear=&stayMonth=&stayDay=&stayCount=1&roomCount=1&dateUndecided=1&adultNum=2&rootCd=04&distCd=01&screenId=UWW1402&yadNo=363768&callbackHistFlg=1,石川県 > 金沢・湯涌,https://cdn.jalan.jp/jalan/images/pictL/Y8/Y363768/Y363768657.jpg,https://cdn.jalan.jp/jalan/images/pictM/Y8/Y363768/Y363768461.jpg,https://cdn.jalan.jp/jalan/images/pictM/Y8/Y363768/Y363768659.jpg,https://cdn.jalan.jp/jalan/images/pictM/Y8/Y363768/Y363768455.jpg,"1名 4,500円～",4.3,971件,夕食、朝食、部屋高評価,1時間前に予約されました,【アクセス】,金沢駅兼六園口バス乗場⑥番より11･12･16番バス(橋場町経由)「尾張町」下車徒歩5分/無料シャトルバスあり,4500.0,4.3,,B（良好）
金沢一棟宿　海泉,https://www.jalan.net/yad315327/?roomCrack=200000&stayYear=&stayMonth=&stayDay=&stayCount=1&roomCount=1&dateUndecided=1&adultNum=2&rootCd=04&distCd=01&screenId=UWW1402&yadNo=315327&callbackHistFlg=1,石川県 > 金沢・湯涌,https://cdn.jalan.jp/jalan/images/pictL/Y7/Y315327/Y315327013.jpg,https://cdn.jalan.jp/jalan/images/pictM/Y7/Y315327/Y315327001.jpg,https://cdn.jalan.jp/jalan/images/pictM/Y7/Y315327/Y315327004.jpg,https://cdn.jalan.jp/jalan/images/pictM/Y7/Y315327/Y315327011.jpg,"1名 14,000円～",,,,,【アクセス】,西茶屋街から徒歩２分　繁華街の片町まで徒歩10分　観光地へのアクセスが良いです。,14000.0,,,D（一般以下）
Onsen&Garden 七菜,https://www.jalan.net/yad303297/?roomCrack=200000&stayYear=&stayMonth=&stayDay=&stayCount=1&roomCount=1&dateUndecided=1&adultNum=2&rootCd=04&distCd=01&screenId=UWW1402&yadNo=303297&callbackHistFlg=1,石川県 > 金沢・湯涌,https://cdn.jalan.jp/jalan/images/pictL/Y7/Y303297/Y303297087.jpg,https://cdn.jalan.jp/jalan/images/pictM/Y7/Y303297/Y303297101.jpg,https://cdn.jalan.jp/jalan/images/pictM/Y7/Y303297/Y303297083.jpg,https://cdn.jalan.jp/jalan/images/pictM/Y7/Y303297/Y303297043.jpg,"1名 59,800円～",,,,,【アクセス】,JR金沢駅よりバスで約30分。バス停「東荒屋」下車徒歩8分。,59800.0,,,D（一般以下）
東横ＩＮＮ金沢兼六園香林坊,https://www.jalan.net/yad306316/?roomCrack=200000&stayYear=&stayMonth=&stayDay=&stayCount=1&roomCount=1&dateUndecided=1&adultNum=2&rootCd=04&distCd=01&screenId=UWW1402&yadNo=306316&callbackHistFlg=1,石川県 > 金沢・湯涌,https://cdn.jalan.jp/jalan/images/pictL/Y6/Y306316/Y306316271.jpg,https://cdn.jalan.jp/jalan/images/pictM/Y6/Y306316/Y306316264.jpg,https://cdn.jalan.jp/jalan/images/pictM/Y6/Y306316/Y306316274.jpg,https://cdn.jalan.jp/jalan/images/pictM/Y6/Y306316/Y306316270.jpg,"1名 4,725円～",4.0,829件,接客、清潔感、部屋高評価,5時間前に予約されました,【アクセス】,金沢駅より香林坊径由のバスで１０分。香林坊下車徒歩１分。,4725.0,4.0,,C（普通）
ワシントンR&Bホテル金沢駅西口,https://www.jalan.net/yad392982/?roomCrack=200000&stayYear=&stayMonth=&stayDay=&stayCount=1&roomCount=1&dateUndecided=1&adultNum=2&rootCd=04&distCd=01&screenId=UWW1402&yadNo=392982&callbackHistFlg=1,石川県 > 金沢・湯涌,https://cdn.jalan.jp/jalan/images/pictL/Y2/Y392982/Y392982142.jpg,https://cdn.jalan.jp/jalan/images/pictM/Y2/Y392982/Y392982080.jpg,https://cdn.jalan.jp/jalan/images/pictM/Y2/Y392982/Y392982070.jpg,https://cdn.jalan.jp/jalan/images/pictM/Y2/Y392982/Y392982123.jpg,"1名 4,300円～",3.9,"1,572件",清潔感高評価,2時間前に予約されました,【アクセス】,JR北陸本線金沢駅西口より徒歩約3分,4300.0,3.9,,D（一般以下）
町家ホテル　町の踊場,https://www.jalan.net/yad394445/?roomCrack=200000&stayYear=&stayMonth=&stayDay=&stayCount=1&roomCount=1&dateUndecided=1&adultNum=2&rootCd=04&distCd=01&screenId=UWW1402&yadNo=394445&callbackHistFlg=1,石川県 > 金沢・湯涌,https://cdn.jalan.jp/jalan/images/pictL/Y5/Y394445/Y394445152.jpg,https://cdn.jalan.jp/jalan/images/pictM/Y5/Y394445/Y394445153.jpg,https://cdn.jalan.jp/jalan/images/pictM/Y5/Y394445/Y394445154.jpg,https://cdn.jalan.jp/jalan/images/pictM/Y5/Y394445/Y394445055.jpg,"1名 31,000円～",,,,4時間前に予約されました,【アクセス】,金沢駅より徒歩約12分。,31000.0,,,D（一般以下）
香林居,https://www.jalan.net/yad337756/?roomCrack=200000&stayYear=&stayMonth=&stayDay=&stayCount=1&roomCount=1&dateUndecided=1&adultNum=2&rootCd=04&distCd=01&screenId=UWW1402&yadNo=337756&callbackHistFlg=1,石川県 > 金沢・湯涌,https://cdn.jalan.jp/jalan/images/pictL/Y6/Y337756/Y337756004.jpg,https://cdn.jalan.jp/jalan/images/pictM/Y6/Y337756/Y337756010.jpg,https://cdn.jalan.jp/jalan/images/pictM/Y6/Y337756/Y337756013.jpg,https://cdn.jalan.jp/jalan/images/pictM/Y6/Y337756/Y337756007.jpg,"1名 14,311円～",,,,,【アクセス】,【車】金沢西ICより約20分【電車・バス】金沢駅東口 8/9/10番乗り場からバスで「香林坊」下車、徒歩2分,14311.0,,,D（一般以下）
Ｗｏｗ！　ＫＡＮＡＺＡＷＡ　ＳＴＡＹ,https://www.jalan.net/yad345670/?roomCrack=200000&stayYear=&stayMonth=&stayDay=&stayCount=1&roomCount=1&dateUndecided=1&adultNum=2&rootCd=04&distCd=01&screenId=UWW1402&yadNo=345670&callbackHistFlg=1,石川県 > 金沢・湯涌,https://cdn.jalan.jp/jalan/images/pictL/Y0/Y345670/Y345670156.jpg,https://cdn.jalan.jp/jalan/images/pictM/Y0/Y345670/Y345670009.jpg,https://cdn.jalan.jp/jalan/images/pictM/Y0/Y345670/Y345670012.jpg,https://cdn.jalan.jp/jalan/images/pictM/Y0/Y345670/Y345670008.jpg,"1名 7,040円～",,,,,【アクセス】,北陸自動車道「金沢西IC」から約15分,7040.0,,,D（一般以下）
アパホテル〈金沢野町〉,https://www.jalan.net/yad340718/?roomCrack=200000&stayYear=&stayMonth=&stayDay=&stayCount=1&roomCount=1&dateUndecided=1&adultNum=2&rootCd=04&distCd=01&screenId=UWW1402&yadNo=340718&callbackHistFlg=1,石川県 > 金沢・湯涌,https://cdn.jalan.jp/jalan/images/pictL/Y8/Y340718/Y340718968.jpg,https://cdn.jalan.jp/jalan/images/pictM/Y8/Y340718/Y340718282.jpg,https://cdn.jalan.jp/jalan/images/pictM/Y8/Y340718/Y340718930.jpg,https://cdn.jalan.jp/jalan/images/pictM/Y8/Y340718/Y340718480.jpg,"1名 2,880円～",3.9,962件,部屋、接客高評価,3時間前に予約されました,【アクセス】,JR金沢駅よりバスで20分（東口10、11番乗り場「有松」経由～野町バス停～徒歩3分）。金沢西I・C～車で15分,2880.0,3.9,,D（一般以下）
金沢国際ホテル,https://www.jalan.net/yad331352/?roomCrack=200000&stayYear=&stayMonth=&stayDay=&stayCount=1&roomCount=1&dateUndecided=1&adultNum=2&rootCd=04&distCd=01&screenId=UWW1402&yadNo=331352&callbackHistFlg=1,石川県 > 金沢・湯涌,https://cdn.jalan.jp/jalan/images/pictL/Y2/Y331352/Y331352578.jpg,https://cdn.jalan.jp/jalan/images/pictM/Y2/Y331352/Y331352402.jpg,https://cdn.jalan.jp/jalan/images/pictM/Y2/Y331352/Y331352135.jpg,https://cdn.jalan.jp/jalan/images/pictM/Y2/Y331352/Y331352415.jpg,"1名 5,300円～",3.9,728件,夕食、朝食高評価,16分前に予約されました,【アクセス】,金沢駅兼六園口10番乗場、南部車庫、鶴寿園行金沢国際ホテル前下車徒歩1分もしくは光が丘住宅下車徒歩７分,5300.0,3.9,,D（一般以下）
HOTEL AO KANAZAWA,https://www.jalan.net/yad369442/?roomCrack=200000&stayYear=&stayMonth=&stayDay=&stayCount=1&roomCount=1&dateUndecided=1&adultNum=2&rootCd=04&distCd=01&screenId=UWW1402&yadNo=369442&callbackHistFlg=1,石川県 > 金沢・湯涌,https://cdn.jalan.jp/jalan/images/pictL/Y2/Y369442/Y369442030.jpg,https://cdn.jalan.jp/jalan/images/pictM/Y2/Y369442/Y369442085.jpg,https://cdn.jalan.jp/jalan/images/pictM/Y2/Y369442/Y369442044.jpg,https://cdn.jalan.jp/jalan/images/pictM/Y2/Y369442/Y369442052.jpg,"1名 8,883円～",,,,,【アクセス】,金沢駅兼六園口バスターミナル6番・7番のりば→バスで約15分→「兼六園下・金沢城」から徒歩で約1分,8883.0,,,D（一般以下）
内灘町サイクリングターミナル,https://www.jalan.net/yad358208/?roomCrack=200000&stayYear=&stayMonth=&stayDay=&stayCount=1&roomCount=1&dateUndecided=1&adultNum=2&rootCd=04&distCd=01&screenId=UWW1402&yadNo=358208&callbackHistFlg=1,石川県 > 羽咋・かほく,https://cdn.jalan.jp/jalan/images/pictL/Y8/Y358208/Y358208089.jpg,https://cdn.jalan.jp/jalan/images/pictM/Y8/Y358208/Y358208084.jpg,https://cdn.jalan.jp/jalan/images/pictM/Y8/Y358208/Y358208147.jpg,https://cdn.jalan.jp/jalan/images/pictM/Y8/Y358208/Y358208058.jpg,"1名 5,900円～",4.5,111件,風呂、部屋、清潔感高評価,19時間前に予約されました,【アクセス】,・お車： 内灘駅よりお車にて約１０分・北陸自動車道金沢東ＩＣより約20分・小松空港より車で約５０分,5900.0,4.5,,B（良好）
金澤尾張町　黒梅屋＜kurumiya＞,https://www.jalan.net/yad348199/?roomCrack=200000&stayYear=&stayMonth=&stayDay=&stayCount=1&roomCount=1&dateUndecided=1&adultNum=2&rootCd=04&distCd=01&screenId=UWW1402&yadNo=348199&callbackHistFlg=1,石川県 > 金沢・湯涌,https://cdn.jalan.jp/jalan/images/pictL/Y9/Y348199/Y348199002.jpg,https://cdn.jalan.jp/jalan/images/pictM/Y9/Y348199/Y348199012.jpg,https://cdn.jalan.jp/jalan/images/pictM/Y9/Y348199/Y348199028.jpg,https://cdn.jalan.jp/jalan/images/pictM/Y9/Y348199/Y348199015.jpg,"1名 23,760円～",,,,,【アクセス】,金沢駅より　近江町市場方面　ひがし茶屋街の手前　尾張町,23760.0,,,D（一般以下）
ホテル金沢　兼六荘,https://www.jalan.net/yad312901/?roomCrack=200000&stayYear=&stayMonth=&stayDay=&stayCount=1&roomCount=1&dateUndecided=1&adultNum=2&rootCd=04&distCd=01&screenId=UWW1402&yadNo=312901&callbackHistFlg=1,石川県 > 金沢・湯涌,https://cdn.jalan.jp/jalan/images/pictL/Y1/Y312901/Y312901097.jpg,https://cdn.jalan.jp/jalan/images/pictM/Y1/Y312901/Y312901193.jpg,https://cdn.jalan.jp/jalan/images/pictM/Y1/Y312901/Y312901219.jpg,https://cdn.jalan.jp/jalan/images/pictM/Y1/Y312901/Y312901218.jpg,"1名 5,900円～",4.0,266件,朝食、接客高評価,20分前に予約されました,【アクセス】,ＪＲ金沢駅よりバス10分、南町下車徒歩5分。北陸道金沢東ＩＣ 西ＩＣそれぞれ約20分。,5900.0,4.0,,C（普通）
金沢　岡ホテル,https://www.jalan.net/yad321089/?roomCrack=200000&stayYear=&stayMonth=&stayDay=&stayCount=1&roomCount=1&dateUndecided=1&adultNum=2&rootCd=04&distCd=01&screenId=UWW1402&yadNo=321089&callbackHistFlg=1,石川県 > 金沢・湯涌,https://cdn.jalan.jp/jalan/images/pictL/Y9/Y321089/Y321089229.jpg,https://cdn.jalan.jp/jalan/images/pictM/Y9/Y321089/Y321089231.jpg,https://cdn.jalan.jp/jalan/images/pictM/Y9/Y321089/Y321089224.jpg,https://cdn.jalan.jp/jalan/images/pictM/Y9/Y321089/Y321089076.jpg,"1名 3,500円～",4.5,543件,部屋、接客、清潔感高評価,,【アクセス】,名神高速道路米原JCTから北陸自動車道へ,3500.0,4.5,,B（良好）
Ｍｉｎｎ 金沢,https://www.jalan.net/yad344666/?roomCrack=200000&stayYear=&stayMonth=&stayDay=&stayCount=1&roomCount=1&dateUndecided=1&adultNum=2&rootCd=04&distCd=01&screenId=UWW1402&yadNo=344666&callbackHistFlg=1,石川県 > 金沢・湯涌,https://cdn.jalan.jp/jalan/images/pictL/Y6/Y344666/Y344666029.jpg,https://cdn.jalan.jp/jalan/images/pictM/Y6/Y344666/Y344666080.jpg,https://cdn.jalan.jp/jalan/images/pictM/Y6/Y344666/Y344666079.jpg,https://cdn.jalan.jp/jalan/images/pictM/Y6/Y344666/Y344666009.jpg,"1名 3,850円～",4.4,22件,部屋、清潔感、風呂高評価,,【アクセス】,金沢駅よりバス・車で約10分,3850.0,4.4,,B（良好）
旅情の宿　ホテル金澤草紙,https://www.jalan.net/yad343534/?roomCrack=200000&stayYear=&stayMonth=&stayDay=&stayCount=1&roomCount=1&dateUndecided=1&adultNum=2&rootCd=04&distCd=01&screenId=UWW1402&yadNo=343534&callbackHistFlg=1,石川県 > 金沢・湯涌,https://cdn.jalan.jp/jalan/images/pictL/Y4/Y343534/Y343534081.jpg,https://cdn.jalan.jp/jalan/images/pictM/Y4/Y343534/Y343534046.jpg,https://cdn.jalan.jp/jalan/images/pictM/Y4/Y343534/Y343534058.jpg,https://cdn.jalan.jp/jalan/images/pictM/Y4/Y343534/Y343534077.jpg,"1名 9,570円～",,,,,【アクセス】,金沢駅徒歩１０分、路線バス「近江町市場」下車徒歩３分、ふらっとバス(此花ルート)「東別院」下車徒歩１分,9570.0,,,D（一般以下）
ARIGATO STAY金沢駅前（旧ホテルトレンド金沢駅前）,https://www.jalan.net/yad395573/?roomCrack=200000&stayYear=&stayMonth=&stayDay=&stayCount=1&roomCount=1&dateUndecided=1&adultNum=2&rootCd=04&distCd=01&screenId=UWW1402&yadNo=395573&callbackHistFlg=1,石川県 > 金沢・湯涌,https://cdn.jalan.jp/jalan/images/pictL/Y3/Y395573/Y395573109.jpg,https://cdn.jalan.jp/jalan/images/pictM/Y3/Y395573/Y395573015.jpg,https://cdn.jalan.jp/jalan/images/pictM/Y3/Y395573/Y395573070.jpg,https://cdn.jalan.jp/jalan/images/pictM/Y3/Y395573/Y395573050.jpg,"1名 3,050円～",4.0,228件,部屋、接客、清潔感高評価,1時間前に予約されました,【アクセス】,JR金沢駅・西口より徒歩4分,3050.0,4.0,,C（普通）
凜庵　ＬＩＡＮ＿ＫＡＮＡＺＡＷＡ,https://www.jalan.net/yad396589/?roomCrack=200000&stayYear=&stayMonth=&stayDay=&stayCount=1&roomCount=1&dateUndecided=1&adultNum=2&rootCd=04&distCd=01&screenId=UWW1402&yadNo=396589&callbackHistFlg=1,石川県 > 金沢・湯涌,https://cdn.jalan.jp/jalan/images/pictL/Y9/Y396589/Y396589042.jpg,https://cdn.jalan.jp/jalan/images/pictM/Y9/Y396589/Y396589007.jpg,https://cdn.jalan.jp/jalan/images/pictM/Y9/Y396589/Y396589050.jpg,https://cdn.jalan.jp/jalan/images/pictM/Y9/Y396589/Y396589001.jpg,"1名 12,050円～",,,,,【アクセス】,■金沢駅より徒歩10分■路線バス「武蔵が辻・近江町市場」下車徒歩3分■ふらっとバス「東別院」下車すぐ前,12050.0,,,D（一般以下）
ハイアット　ハウス　金沢,https://www.jalan.net/yad344338/?roomCrack=200000&stayYear=&stayMonth=&stayDay=&stayCount=1&roomCount=1&dateUndecided=1&adultNum=2&rootCd=04&distCd=01&screenId=UWW1402&yadNo=344338&callbackHistFlg=1,石川県 > 金沢・湯涌,https://cdn.jalan.jp/jalan/images/pictL/Y8/Y344338/Y344338009.jpg,https://cdn.jalan.jp/jalan/images/pictM/Y8/Y344338/Y344338022.jpg,https://cdn.jalan.jp/jalan/images/pictM/Y8/Y344338/Y344338021.jpg,https://cdn.jalan.jp/jalan/images/pictM/Y8/Y344338/Y344338006.jpg,"1名 10,816円～",,,,,【アクセス】,金沢駅西口から徒歩約2分,10816.0,,,D（一般以下）
金沢ニューグランドホテルプレミア,https://www.jalan.net/yad383226/?roomCrack=200000&stayYear=&stayMonth=&stayDay=&stayCount=1&roomCount=1&dateUndecided=1&adultNum=2&rootCd=04&distCd=01&screenId=UWW1402&yadNo=383226&callbackHistFlg=1,石川県 > 金沢・湯涌,https://cdn.jalan.jp/jalan/images/pictL/Y6/Y383226/Y383226246.jpg,https://cdn.jalan.jp/jalan/images/pictM/Y6/Y383226/Y383226243.jpg,https://cdn.jalan.jp/jalan/images/pictM/Y6/Y383226/Y383226221.jpg,https://cdn.jalan.jp/jalan/images/pictM/Y6/Y383226/Y383226258.jpg,"1名 4,500円～",4.0,249件,接客、朝食、部屋高評価,1時間前に予約されました,【アクセス】,金沢駅東口バス乗場７～９番香林坊経由南町下車徒歩約２分。小松空港よりリムジンバス香林坊下車徒歩約５分,4500.0,4.0,,C（普通）
加賀五彩の宿　花明かり,https://www.jalan.net/yad366510/?roomCrack=200000&stayYear=&stayMonth=&stayDay=&stayCount=1&roomCount=1&dateUndecided=1&adultNum=2&rootCd=04&distCd=01&screenId=UWW1402&yadNo=366510&callbackHistFlg=1,石川県 > 金沢・湯涌,https://cdn.jalan.jp/jalan/images/pictL/Y0/Y366510/Y366510045.jpg,https://cdn.jalan.jp/jalan/images/pictM/Y0/Y366510/Y366510046.jpg,https://cdn.jalan.jp/jalan/images/pictM/Y0/Y366510/Y366510034.jpg,https://cdn.jalan.jp/jalan/images/pictM/Y0/Y366510/Y366510030.jpg,"1名 8,400円～",,,,,【アクセス】,金沢駅より徒歩10分。無料駐車場100メートル（台数制限あり）。満車時はコインPをご利用ください。,8400.0,,,D（一般以下）
金沢駅前ホテル,https://www.jalan.net/yad374460/?roomCrack=200000&stayYear=&stayMonth=&stayDay=&stayCount=1&roomCount=1&dateUndecided=1&adultNum=2&rootCd=04&distCd=01&screenId=UWW1402&yadNo=374460&callbackHistFlg=1,石川県 > 金沢・湯涌,https://cdn.jalan.jp/jalan/images/pictL/Y0/Y374460/Y374460331.jpg,https://cdn.jalan.jp/jalan/images/pictM/Y0/Y374460/Y374460336.jpg,https://cdn.jalan.jp/jalan/images/pictM/Y0/Y374460/Y374460065.jpg,https://cdn.jalan.jp/jalan/images/pictM/Y0/Y374460/Y374460073.jpg,"1名 3,550円～",,,,11時間前に予約されました,【アクセス】,石川県金沢市此花町2-24/金沢駅徒歩3分。21世紀美術館や兼六園まで周遊バス1本。,3550.0,,,D（一般以下）
星空の降りそそぐ宿　金沢湯涌温泉  あたらしや,https://www.jalan.net/yad303610/?roomCrack=200000&stayYear=&stayMonth=&stayDay=&stayCount=1&roomCount=1&dateUndecided=1&adultNum=2&rootCd=04&distCd=01&screenId=UWW1402&yadNo=303610&callbackHistFlg=1,石川県 > 金沢・湯涌,https://cdn.jalan.jp/jalan/images/pictL/Y0/Y303610/Y303610442.jpg,https://cdn.jalan.jp/jalan/images/pictM/Y0/Y303610/Y303610425.jpg,https://cdn.jalan.jp/jalan/images/pictM/Y0/Y303610/Y303610430.jpg,https://cdn.jalan.jp/jalan/images/pictM/Y0/Y303610/Y303610429.jpg,"1名 13,000円～",4.0,6件,接客、清潔感、朝食高評価,10時間前に予約されました,【アクセス】,北鉄バス湯涌温泉行にて終点下車、徒歩すぐ金沢湯涌江戸村の前です。金沢21世紀美術館より約20分。,13000.0,4.0,,C（普通）
マイグレ兼六園,https://www.jalan.net/yad327792/?roomCrack=200000&stayYear=&stayMonth=&stayDay=&stayCount=1&roomCount=1&dateUndecided=1&adultNum=2&rootCd=04&distCd=01&screenId=UWW1402&yadNo=327792&callbackHistFlg=1,石川県 > 金沢・湯涌,https://cdn.jalan.jp/jalan/images/pictL/Y2/Y327792/Y327792021.jpg,https://cdn.jalan.jp/jalan/images/pictM/Y2/Y327792/Y327792007.jpg,https://cdn.jalan.jp/jalan/images/pictM/Y2/Y327792/Y327792029.jpg,https://cdn.jalan.jp/jalan/images/pictM/Y2/Y327792/Y327792024.jpg,"1名 8,410円～",,,,,【アクセス】,最寄り駅　金沢駅　バスで20分  &#8203;&#8203;  兼六園下・金沢城バス停から徒歩3分,8410.0,,,D（一般以下）
Tabist ビジネスホテルRサイド 金沢,https://www.jalan.net/yad353572/?roomCrack=200000&stayYear=&stayMonth=&stayDay=&stayCount=1&roomCount=1&dateUndecided=1&adultNum=2&rootCd=04&distCd=01&screenId=UWW1402&yadNo=353572&callbackHistFlg=1,石川県 > 金沢・湯涌,https://cdn.jalan.jp/jalan/images/pictL/Y2/Y353572/Y353572047.jpg,https://cdn.jalan.jp/jalan/images/pictM/Y2/Y353572/Y353572051.jpg,https://cdn.jalan.jp/jalan/images/pictM/Y2/Y353572/Y353572059.jpg,https://cdn.jalan.jp/jalan/images/pictM/Y2/Y353572/Y353572045.jpg,"1名 3,752円～",4.3,8件,接客、清潔感高評価,2時間前に予約されました,【アクセス】,JR金沢駅東口より徒歩5分　ルートインホテル金沢駅前様 隣,3752.0,4.3,,B（良好）
ダイアパレス大手門,https://www.jalan.net/yad394718/?roomCrack=200000&stayYear=&stayMonth=&stayDay=&stayCount=1&roomCount=1&dateUndecided=1&adultNum=2&rootCd=04&distCd=01&screenId=UWW1402&yadNo=394718&callbackHistFlg=1,石川県 > 金沢・湯涌,https://cdn.jalan.jp/jalan/images/pictL/Y8/Y394718/Y394718233.jpg,https://cdn.jalan.jp/jalan/images/pictM/Y8/Y394718/Y394718242.jpg,https://cdn.jalan.jp/jalan/images/pictM/Y8/Y394718/Y394718187.jpg,https://cdn.jalan.jp/jalan/images/pictM/Y8/Y394718/Y394718249.jpg,"1名 5,125円～",,,,,【アクセス】,チェックインは金沢駅前ホテルにて受付けております。詳細は076-224-7177までお電話ください。,5125.0,,,D（一般以下）
金澤町家　いぬい庵,https://www.jalan.net/yad395202/?roomCrack=200000&stayYear=&stayMonth=&stayDay=&stayCount=1&roomCount=1&dateUndecided=1&adultNum=2&rootCd=04&distCd=01&screenId=UWW1402&yadNo=395202&callbackHistFlg=1,石川県 > 金沢・湯涌,https://cdn.jalan.jp/jalan/images/pictL/Y2/Y395202/Y395202047.jpg,https://cdn.jalan.jp/jalan/images/pictM/Y2/Y395202/Y395202049.jpg,https://cdn.jalan.jp/jalan/images/pictM/Y2/Y395202/Y395202048.jpg,https://cdn.jalan.jp/jalan/images/pictM/Y2/Y395202/Y395202039.jpg,"1名 13,500円～",,,,,【アクセス】,JR金沢駅東口より 路線バス３分「三社」バス停下車＋徒歩３分,13500.0,,,D（一般以下）
旅館　からさわ,https://www.jalan.net/yad305048/?roomCrack=200000&stayYear=&stayMonth=&stayDay=&stayCount=1&roomCount=1&dateUndecided=1&adultNum=2&rootCd=04&distCd=01&screenId=UWW1402&yadNo=305048&callbackHistFlg=1,石川県 > 金沢・湯涌,https://cdn.jalan.jp/jalan/images/pictL/Y8/Y305048/Y305048149.jpg,https://cdn.jalan.jp/jalan/images/pictM/Y8/Y305048/Y305048142.jpg,https://cdn.jalan.jp/jalan/images/pictM/Y8/Y305048/Y305048138.jpg,https://cdn.jalan.jp/jalan/images/pictM/Y8/Y305048/Y305048129.jpg,"1名 10,200円～",,,,,【アクセス】,金沢駅西口から、車で10分,10200.0,,,D（一般以下）
ＩＮＯＶＡ金沢駅前ホテルｓｕｉｔｅ,https://www.jalan.net/yad335336/?roomCrack=200000&stayYear=&stayMonth=&stayDay=&stayCount=1&roomCount=1&dateUndecided=1&adultNum=2&rootCd=04&distCd=01&screenId=UWW1402&yadNo=335336&callbackHistFlg=1,石川県 > 金沢・湯涌,https://cdn.jalan.jp/jalan/images/pictL/Y6/Y335336/Y335336022.jpg,https://cdn.jalan.jp/jalan/images/pictM/Y6/Y335336/Y335336002.jpg,https://cdn.jalan.jp/jalan/images/pictM/Y6/Y335336/Y335336064.jpg,https://cdn.jalan.jp/jalan/images/pictM/Y6/Y335336/Y335336049.jpg,"1名 6,750円～",,,,,【アクセス】,金沢駅から徒歩１０分,6750.0,,,D（一般以下）
アパホテル〈金沢片町〉EXCELLENT,https://www.jalan.net/yad346894/?roomCrack=200000&stayYear=&stayMonth=&stayDay=&stayCount=1&roomCount=1&dateUndecided=1&adultNum=2&rootCd=04&distCd=01&screenId=UWW1402&yadNo=346894&callbackHistFlg=1,石川県 > 金沢・湯涌,https://cdn.jalan.jp/jalan/images/pictL/Y4/Y346894/Y346894Ac3.jpg,https://cdn.jalan.jp/jalan/images/pictM/Y4/Y346894/Y346894Ad8.jpg,https://cdn.jalan.jp/jalan/images/pictM/Y4/Y346894/Y346894Aa9.jpg,https://cdn.jalan.jp/jalan/images/pictM/Y4/Y346894/Y346894Ad4.jpg,"1名 4,590円～",3.9,730件,部屋高評価,22時間前に予約されました,【アクセス】,「金沢駅」からバスで約10分（「片町」バス停下車、徒歩2分) 北陸自動車道「金沢西ＩＣ」から車で約10分,4590.0,3.9,,D（一般以下）
河北亭,https://www.jalan.net/yad318022/?roomCrack=200000&stayYear=&stayMonth=&stayDay=&stayCount=1&roomCount=1&dateUndecided=1&adultNum=2&rootCd=04&distCd=01&screenId=UWW1402&yadNo=318022&callbackHistFlg=1,石川県 > 羽咋・かほく,https://cdn.jalan.jp/jalan/images/pictL/Y2/Y318022/Y318022029.jpg,https://cdn.jalan.jp/jalan/images/pictM/Y2/Y318022/Y318022014.jpg,https://cdn.jalan.jp/jalan/images/pictM/Y2/Y318022/Y318022030.jpg,https://cdn.jalan.jp/jalan/images/pictM/Y2/Y318022/Y318022008.jpg,"1名 6,500円～",,,,7時間前に予約されました,【アクセス】,のと里山海道高松ICより車４分、ＪＲ七尾線高松駅より徒歩８分,6500.0,,,D（一般以下）
ＮＯＤＥ犀川,https://www.jalan.net/yad397573/?roomCrack=200000&stayYear=&stayMonth=&stayDay=&stayCount=1&roomCount=1&dateUndecided=1&adultNum=2&rootCd=04&distCd=01&screenId=UWW1402&yadNo=397573&callbackHistFlg=1,石川県 > 金沢・湯涌,https://cdn.jalan.jp/jalan/images/pictL/Y3/Y397573/Y397573019.jpg,https://cdn.jalan.jp/jalan/images/pictM/Y3/Y397573/Y397573016.jpg,https://cdn.jalan.jp/jalan/images/pictM/Y3/Y397573/Y397573014.jpg,https://cdn.jalan.jp/jalan/images/pictM/Y3/Y397573/Y397573020.jpg,"1名 9,900円～",,,,,【アクセス】,金沢駅よりタクシーで約10分,9900.0,,,D（一般以下）
能登柴垣海岸はるこ,https://www.jalan.net/yad355045/?roomCrack=200000&stayYear=&stayMonth=&stayDay=&stayCount=1&roomCount=1&dateUndecided=1&adultNum=2&rootCd=04&distCd=01&screenId=UWW1402&yadNo=355045&callbackHistFlg=1,石川県 > 羽咋・かほく,https://cdn.jalan.jp/jalan/images/pictL/Y5/Y355045/Y355045097.jpg,https://cdn.jalan.jp/jalan/images/pictM/Y5/Y355045/Y355045110.jpg,https://cdn.jalan.jp/jalan/images/pictM/Y5/Y355045/Y355045018.jpg,https://cdn.jalan.jp/jalan/images/pictM/Y5/Y355045/Y355045026.jpg,"1名 7,065円～",,,,,【アクセス】,のと里山海道　柳田ICから車で５分,7065.0,,,D（一般以下）
Ｋａｎａｍｅ　Ｉｎｎ　Ｔａｔｅｍａｃｈｉ,https://www.jalan.net/yad375496/?roomCrack=200000&stayYear=&stayMonth=&stayDay=&stayCount=1&roomCount=1&dateUndecided=1&adultNum=2&rootCd=04&distCd=01&screenId=UWW1402&yadNo=375496&callbackHistFlg=1,石川県 > 金沢・湯涌,https://cdn.jalan.jp/jalan/images/pictL/Y6/Y375496/Y375496631.jpg,https://cdn.jalan.jp/jalan/images/pictM/Y6/Y375496/Y375496425.jpg,https://cdn.jalan.jp/jalan/images/pictM/Y6/Y375496/Y375496485.jpg,https://cdn.jalan.jp/jalan/images/pictM/Y6/Y375496/Y375496632.jpg,"1名 4,000円～",,,,,【アクセス】,ＪＲ金沢駅からバスで10分。香林坊バス停下車後、タテマチ方面へ徒歩6分。,4000.0,,,D（一般以下）
眠音ホテル,https://www.jalan.net/yad336240/?roomCrack=200000&stayYear=&stayMonth=&stayDay=&stayCount=1&roomCount=1&dateUndecided=1&adultNum=2&rootCd=04&distCd=01&screenId=UWW1402&yadNo=336240&callbackHistFlg=1,石川県 > 金沢・湯涌,https://cdn.jalan.jp/jalan/images/pictL/Y0/Y336240/Y336240310.jpg,https://cdn.jalan.jp/jalan/images/pictM/Y0/Y336240/Y336240283.jpg,https://cdn.jalan.jp/jalan/images/pictM/Y0/Y336240/Y336240305.jpg,https://cdn.jalan.jp/jalan/images/pictM/Y0/Y336240/Y336240037.jpg,"1名 6,500円～",,,,,【アクセス】,石川県金沢市笠市町10-6：金沢駅徒歩8分、21世紀美術館や兼六園までもバス1本,6500.0,,,D（一般以下）
四季の彩アパートメントホテル金沢,https://www.jalan.net/yad365726/?roomCrack=200000&stayYear=&stayMonth=&stayDay=&stayCount=1&roomCount=1&dateUndecided=1&adultNum=2&rootCd=04&distCd=01&screenId=UWW1402&yadNo=365726&callbackHistFlg=1,石川県 > 金沢・湯涌,https://cdn.jalan.jp/jalan/images/pictL/Y6/Y365726/Y365726113.jpg,https://cdn.jalan.jp/jalan/images/pictM/Y6/Y365726/Y365726103.jpg,https://cdn.jalan.jp/jalan/images/pictM/Y6/Y365726/Y365726106.jpg,https://cdn.jalan.jp/jalan/images/pictM/Y6/Y365726/Y365726005.jpg,"1名 6,160円～",,,,,【アクセス】,金沢駅より徒歩約８分、お買い物、観光にもアクセス便利な好立地！,6160.0,,,D（一般以下）
Ｔｅｎｇｕ旅音，Ｃｏｔｅｎｇｕ旅音,https://www.jalan.net/yad385159/?roomCrack=200000&stayYear=&stayMonth=&stayDay=&stayCount=1&roomCount=1&dateUndecided=1&adultNum=2&rootCd=04&distCd=01&screenId=UWW1402&yadNo=385159&callbackHistFlg=1,石川県 > 金沢・湯涌,https://cdn.jalan.jp/jalan/images/pictL/Y9/Y385159/Y385159011.jpg,https://cdn.jalan.jp/jalan/images/pictM/Y9/Y385159/Y385159009.jpg,https://cdn.jalan.jp/jalan/images/pictM/Y9/Y385159/Y385159032.jpg,https://cdn.jalan.jp/jalan/images/pictM/Y9/Y385159/Y385159029.jpg,"1名 7,000円～",,,,,【アクセス】,金沢駅からバスで１５分。最寄りのバス停「片町」からは徒歩５分。,7000.0,,,D（一般以下）
グリーンホテル西館,https://www.jalan.net/yad339078/?roomCrack=200000&stayYear=&stayMonth=&stayDay=&stayCount=1&roomCount=1&dateUndecided=1&adultNum=2&rootCd=04&distCd=01&screenId=UWW1402&yadNo=339078&callbackHistFlg=1,石川県 > 羽咋・かほく,https://cdn.jalan.jp/jalan/images/pictL/Y8/Y339078/Y339078059.jpg,https://cdn.jalan.jp/jalan/images/pictM/Y8/Y339078/Y339078136.jpg,https://cdn.jalan.jp/jalan/images/pictM/Y8/Y339078/Y339078134.jpg,https://cdn.jalan.jp/jalan/images/pictM/Y8/Y339078/Y339078131.jpg,"1名 4,200円～",,,,21時間前に予約されました,【アクセス】,JR羽咋駅より徒歩3分/のと里山街道千里浜ICより約4分 ,4200.0,,,D（一般以下）
ＳＡＲＡＲＡＳＯ,https://www.jalan.net/yad312510/?roomCrack=200000&stayYear=&stayMonth=&stayDay=&stayCount=1&roomCount=1&dateUndecided=1&adultNum=2&rootCd=04&distCd=01&screenId=UWW1402&yadNo=312510&callbackHistFlg=1,石川県 > 金沢・湯涌,https://cdn.jalan.jp/jalan/images/pictL/Y0/Y312510/Y312510095.jpg,https://cdn.jalan.jp/jalan/images/pictM/Y0/Y312510/Y312510093.jpg,https://cdn.jalan.jp/jalan/images/pictM/Y0/Y312510/Y312510096.jpg,https://cdn.jalan.jp/jalan/images/pictM/Y0/Y312510/Y312510082.jpg,"1名 5,450円～",,,,20時間前に予約されました,【アクセス】,金沢駅東口【3】バス乗り場より【18】花里 東部車庫行バスに乗車→「猿丸神社前」下車→徒歩約7分,5450.0,,,D（一般以下）
金沢・銭がめ温泉　銭がめ,https://www.jalan.net/yad306400/?roomCrack=200000&stayYear=&stayMonth=&stayDay=&stayCount=1&roomCount=1&dateUndecided=1&adultNum=2&rootCd=04&distCd=01&screenId=UWW1402&yadNo=306400&callbackHistFlg=1,石川県 > 金沢・湯涌,https://cdn.jalan.jp/jalan/images/pictL/Y0/Y306400/Y306400006.jpg,https://cdn.jalan.jp/jalan/images/pictM/Y0/Y306400/Y306400015.jpg,https://cdn.jalan.jp/jalan/images/pictM/Y0/Y306400/Y306400012.jpg,https://cdn.jalan.jp/jalan/images/pictM/Y0/Y306400/Y306400010.jpg,"1名 13,860円～",,,,,【アクセス】,金沢駅から車で30分。北陸自動車道「森本I.C.」から約30分,13860.0,,,D（一般以下）
ビジネスホテル東楽,https://www.jalan.net/yad381840/?roomCrack=200000&stayYear=&stayMonth=&stayDay=&stayCount=1&roomCount=1&dateUndecided=1&adultNum=2&rootCd=04&distCd=01&screenId=UWW1402&yadNo=381840&callbackHistFlg=1,石川県 > 金沢・湯涌,https://cdn.jalan.jp/jalan/images/pictL/Y0/Y381840/Y381840042.jpg,https://cdn.jalan.jp/jalan/images/pictM/Y0/Y381840/Y381840043.jpg,https://cdn.jalan.jp/jalan/images/pictM/Y0/Y381840/Y381840048.jpg,https://cdn.jalan.jp/jalan/images/pictM/Y0/Y381840/Y381840045.jpg,"1名 3,400円～",3.9,192件,朝食、接客高評価,7時間前に予約されました,【アクセス】,北陸自動車道～金沢西IC～野田専光寺線を金沢市内へ車で５分。,3400.0,3.9,,D（一般以下）
ペットと泊れる宿　ひがし茶屋街　夢見草,https://www.jalan.net/yad354555/?roomCrack=200000&stayYear=&stayMonth=&stayDay=&stayCount=1&roomCount=1&dateUndecided=1&adultNum=2&rootCd=04&distCd=01&screenId=UWW1402&yadNo=354555&callbackHistFlg=1,石川県 > 金沢・湯涌,https://cdn.jalan.jp/jalan/images/pictL/Y5/Y354555/Y354555023.jpg,https://cdn.jalan.jp/jalan/images/pictM/Y5/Y354555/Y354555026.jpg,https://cdn.jalan.jp/jalan/images/pictM/Y5/Y354555/Y354555024.jpg,https://cdn.jalan.jp/jalan/images/pictM/Y5/Y354555/Y354555022.jpg,"1名 7,040円～",,,,,【アクセス】,金沢駅より車で約10分,7040.0,,,D（一般以下）
ホテルエコノ東金沢,https://www.jalan.net/yad375498/?roomCrack=200000&stayYear=&stayMonth=&stayDay=&stayCount=1&roomCount=1&dateUndecided=1&adultNum=2&rootCd=04&distCd=01&screenId=UWW1402&yadNo=375498&callbackHistFlg=1,石川県 > 金沢・湯涌,https://cdn.jalan.jp/jalan/images/pictL/Y8/Y375498/Y375498423.jpg,https://cdn.jalan.jp/jalan/images/pictM/Y8/Y375498/Y375498453.jpg,https://cdn.jalan.jp/jalan/images/pictM/Y8/Y375498/Y375498373.jpg,https://cdn.jalan.jp/jalan/images/pictM/Y8/Y375498/Y375498410.jpg,"1名 3,150円～",3.6,"1,154件",朝食、接客高評価,3時間前に予約されました,【アクセス】,■北陸新幹線「金沢駅」から車5分■北陸自動車道「金沢東IC」から10分,3150.0,3.6,,D（一般以下）
群青の月,https://www.jalan.net/yad375767/?roomCrack=200000&stayYear=&stayMonth=&stayDay=&stayCount=1&roomCount=1&dateUndecided=1&adultNum=2&rootCd=04&distCd=01&screenId=UWW1402&yadNo=375767&callbackHistFlg=1,石川県 > 金沢・湯涌,https://cdn.jalan.jp/jalan/images/pictL/Y7/Y375767/Y375767038.jpg,https://cdn.jalan.jp/jalan/images/pictM/Y7/Y375767/Y375767033.jpg,https://cdn.jalan.jp/jalan/images/pictM/Y7/Y375767/Y375767037.jpg,https://cdn.jalan.jp/jalan/images/pictM/Y7/Y375767/Y375767020.jpg,"1名 11,900円～",,,,,【アクセス】,金沢駅よりタクシーで約10分,11900.0,,,D（一般以下）
SHARIN Kanazawa Traveler’s Inn,https://www.jalan.net/yad388196/?stayYear=&stayMonth=&stayDay=&stayCount=1&roomCount=1&dateUndecided=1&adultNum=2&rootCd=04&distCd=01&roomCrack=200000&screenId=UWW1402&yadNo=388196&callbackHistFlg=1,石川県 > 金沢・湯涌,https://cdn.jalan.jp/jalan/images/pictL/Y6/Y388196/Y388196018.jpg,https://cdn.jalan.jp/jalan/images/pictM/Y6/Y388196/Y388196003.jpg,https://cdn.jalan.jp/jalan/images/pictM/Y6/Y388196/Y388196040.jpg,https://cdn.jalan.jp/jalan/images/pictM/Y6/Y388196/Y388196002.jpg,,,,,,【アクセス】,金沢駅東口から徒歩7分,,,,D（一般以下）
宿坊心泉,https://www.jalan.net/yad353402/?stayYear=&stayMonth=&stayDay=&stayCount=1&roomCount=1&dateUndecided=1&adultNum=2&rootCd=04&distCd=01&roomCrack=200000&screenId=UWW1402&yadNo=353402&callbackHistFlg=1,石川県 > 金沢・湯涌,https://cdn.jalan.jp/jalan/images/pictL/Y2/Y353402/Y353402040.jpg,https://cdn.jalan.jp/jalan/images/pictM/Y2/Y353402/Y353402007.jpg,https://cdn.jalan.jp/jalan/images/pictM/Y2/Y353402/Y353402010.jpg,https://cdn.jalan.jp/jalan/images/pictM/Y2/Y353402/Y353402002.jpg,,,,,,【アクセス】,金沢駅より車で12分。金沢駅東口バスターミナル6番から「小将町」もしくは「兼六園下・金沢城２・３」,,,,D（一般以下）
プチホテル　アイビー,https://www.jalan.net/yad310286/?stayYear=&stayMonth=&stayDay=&stayCount=1&roomCount=1&dateUndecided=1&adultNum=2&rootCd=04&distCd=01&roomCrack=200000&screenId=UWW1402&yadNo=310286&callbackHistFlg=1,石川県 > 金沢・湯涌,https://cdn.jalan.jp/jalan/images/pictL/3/00263/00263310.jpg,https://cdn.jalan.jp/jalan/images/pictM/Y6/Y310286/Y310286007.jpg,https://cdn.jalan.jp/jalan/images/pictM/3/00263/00263311.jpg,https://cdn.jalan.jp/jalan/images/pictM/3/00263/00263309.jpg,"1名 12,000円～",,,,,【アクセス】,金沢駅よりタクシー約８分程。周遊バス、左回り片町下車又は西金沢駅行き、富本町下車、徒歩８分程,12000.0,,,D（一般以下）
金沢家,https://www.jalan.net/yad323863/?stayYear=&stayMonth=&stayDay=&stayCount=1&roomCount=1&dateUndecided=1&adultNum=2&rootCd=04&distCd=01&roomCrack=200000&screenId=UWW1402&yadNo=323863&callbackHistFlg=1,石川県 > 金沢・湯涌,https://cdn.jalan.jp/jalan/images/pictL/Y3/Y323863/Y323863014.jpg,https://cdn.jalan.jp/jalan/images/pictM/Y3/Y323863/Y323863009.jpg,https://cdn.jalan.jp/jalan/images/pictM/Y3/Y323863/Y323863025.jpg,https://cdn.jalan.jp/jalan/images/pictM/Y3/Y323863/Y323863041.jpg,"1名 3,300円～",,,,7時間前に予約されました,【アクセス】,車で来られる方は関東方面は森本ICで降りて山側環状線。関西方面は美川ICで降りて下さい。,3300.0,,,D（一般以下）
備長炭の湯　ホテルクラウンヒルズ金沢香林坊,https://www.jalan.net/yad355795/?stayYear=&stayMonth=&stayDay=&stayCount=1&roomCount=1&dateUndecided=1&adultNum=2&rootCd=04&distCd=01&roomCrack=200000&screenId=UWW1402&yadNo=355795&callbackHistFlg=1,石川県 > 金沢・湯涌,https://cdn.jalan.jp/jalan/images/pictL/Y5/Y355795/Y355795218.jpg,https://cdn.jalan.jp/jalan/images/pictM/Y5/Y355795/Y355795133.jpg,https://cdn.jalan.jp/jalan/images/pictM/Y5/Y355795/Y355795207.jpg,https://cdn.jalan.jp/jalan/images/pictM/Y5/Y355795/Y355795130.jpg,"1名 3,087円～",3.5,36件,,46分前に予約されました,【アクセス】,ＪＲ「金沢駅」東口バス乗り場6・８・９・10番から香林坊下車徒歩２分,3087.0,3.5,,D（一般以下）
きくのや旅館,https://www.jalan.net/yad318942/?stayYear=&stayMonth=&stayDay=&stayCount=1&roomCount=1&dateUndecided=1&adultNum=2&rootCd=04&distCd=01&roomCrack=200000&screenId=UWW1402&yadNo=318942&callbackHistFlg=1,石川県 > 金沢・湯涌,https://cdn.jalan.jp/jalan/images/pictL/Y2/Y318942/Y318942001.jpg,https://cdn.jalan.jp/jalan/images/pictM/Y2/Y318942/Y318942008.jpg,https://cdn.jalan.jp/jalan/images/pictM/Y2/Y318942/Y318942005.jpg,https://cdn.jalan.jp/jalan/images/pictM/Y2/Y318942/Y318942007.jpg,"1名 5,700円～",,,,,【アクセス】,金沢市役所の裏　,5700.0,,,D（一般以下）
ゲストルーム心音－金澤表参道－,https://www.jalan.net/yad345272/?stayYear=&stayMonth=&stayDay=&stayCount=1&roomCount=1&dateUndecided=1&adultNum=2&rootCd=04&distCd=01&roomCrack=200000&screenId=UWW1402&yadNo=345272&callbackHistFlg=1,石川県 > 金沢・湯涌,https://cdn.jalan.jp/jalan/images/pictL/Y2/Y345272/Y345272010.jpg,https://cdn.jalan.jp/jalan/images/pictM/Y2/Y345272/Y345272083.jpg,https://cdn.jalan.jp/jalan/images/pictM/Y2/Y345272/Y345272124.jpg,https://cdn.jalan.jp/jalan/images/pictM/Y2/Y345272/Y345272091.jpg,"1名 6,500円～",,,,,【アクセス】,金沢駅より徒歩9分、近江町市場まで徒歩3分（「此花離れ」は金沢駅より徒歩6分、近江町市場まで徒歩6分）,6500.0,,,D（一般以下）
ホテルリブマックス金沢駅前,https://www.jalan.net/yad338155/?stayYear=&stayMonth=&stayDay=&stayCount=1&roomCount=1&dateUndecided=1&adultNum=2&rootCd=04&distCd=01&roomCrack=200000&screenId=UWW1402&yadNo=338155&callbackHistFlg=1,石川県 > 金沢・湯涌,https://cdn.jalan.jp/jalan/images/pictL/Y5/Y338155/Y338155322.jpg,https://cdn.jalan.jp/jalan/images/pictM/Y5/Y338155/Y338155170.jpg,https://cdn.jalan.jp/jalan/images/pictM/Y5/Y338155/Y338155173.jpg,https://cdn.jalan.jp/jalan/images/pictM/Y5/Y338155/Y338155284.jpg,"1名 2,720円～",3.8,14件,清潔感高評価,43分前に予約されました,【アクセス】,"JR北陸本線/北陸新幹線『金沢駅』西口より徒歩約10分, 小松空港よりリムジンバスで50分。",2720.0,3.8,,D（一般以下）
Ｒｉｖｅｒｓｉｄｅ旅音,https://www.jalan.net/yad309692/?stayYear=&stayMonth=&stayDay=&stayCount=1&roomCount=1&dateUndecided=1&adultNum=2&rootCd=04&distCd=01&roomCrack=200000&screenId=UWW1402&yadNo=309692&callbackHistFlg=1,石川県 > 金沢・湯涌,https://cdn.jalan.jp/jalan/images/pictL/Y2/Y309692/Y309692064.jpg,https://cdn.jalan.jp/jalan/images/pictM/Y2/Y309692/Y309692037.jpg,https://cdn.jalan.jp/jalan/images/pictM/Y2/Y309692/Y309692032.jpg,https://cdn.jalan.jp/jalan/images/pictM/Y2/Y309692/Y309692027.jpg,"1名 7,000円～",,,,23時間前に予約されました,【アクセス】,金沢駅からバスにて「片町」下車、徒歩３分。(5分間隔で運行）,7000.0,,,D（一般以下）
Ｚａｉｍｏｋｕ旅音,https://www.jalan.net/yad346145/?stayYear=&stayMonth=&stayDay=&stayCount=1&roomCount=1&dateUndecided=1&adultNum=2&rootCd=04&distCd=01&roomCrack=200000&screenId=UWW1402&yadNo=346145&callbackHistFlg=1,石川県 > 金沢・湯涌,https://cdn.jalan.jp/jalan/images/pictL/Y5/Y346145/Y346145023.jpg,https://cdn.jalan.jp/jalan/images/pictM/Y5/Y346145/Y346145004.jpg,https://cdn.jalan.jp/jalan/images/pictM/Y5/Y346145/Y346145010.jpg,https://cdn.jalan.jp/jalan/images/pictM/Y5/Y346145/Y346145014.jpg,"1名 8,000円～",,,,,【アクセス】,金沢駅からバスで10分,8000.0,,,D（一般以下）
HOTEL 花 IchiRin KANAZAWA,https://www.jalan.net/yad372327/?stayYear=&stayMonth=&stayDay=&stayCount=1&roomCount=1&dateUndecided=1&adultNum=2&rootCd=04&distCd=01&roomCrack=200000&screenId=UWW1402&yadNo=372327&callbackHistFlg=1,石川県 > 金沢・湯涌,https://cdn.jalan.jp/jalan/images/pictL/Y7/Y372327/Y372327019.jpg,https://cdn.jalan.jp/jalan/images/pictM/Y7/Y372327/Y372327012.jpg,https://cdn.jalan.jp/jalan/images/pictM/Y7/Y372327/Y372327031.jpg,https://cdn.jalan.jp/jalan/images/pictM/Y7/Y372327/Y372327097.jpg,"1名 2,500円～",,,,21時間前に予約されました,【アクセス】,JR金沢駅よりバスで10分（東口8、9番乗り場「有松」経由～野町バス停～徒歩2分）。金沢西I・C～車で13分,2500.0,,,D（一般以下）
Ryu旅音,https://www.jalan.net/yad371666/?stayYear=&stayMonth=&stayDay=&stayCount=1&roomCount=1&dateUndecided=1&adultNum=2&rootCd=04&distCd=01&roomCrack=200000&screenId=UWW1402&yadNo=371666&callbackHistFlg=1,石川県 > 金沢・湯涌,https://cdn.jalan.jp/jalan/images/pictL/Y6/Y371666/Y371666024.jpg,https://cdn.jalan.jp/jalan/images/pictM/Y6/Y371666/Y371666023.jpg,https://cdn.jalan.jp/jalan/images/pictM/Y6/Y371666/Y371666027.jpg,https://cdn.jalan.jp/jalan/images/pictM/Y6/Y371666/Y371666025.jpg,"1名 11,000円～",,,,,【アクセス】,金沢駅からバスで15分乗車し「本多町」下車。そのあと徒歩4分,11000.0,,,D（一般以下）
ゲストハウス　和んで,https://www.jalan.net/yad317214/?stayYear=&stayMonth=&stayDay=&stayCount=1&roomCount=1&dateUndecided=1&adultNum=2&rootCd=04&distCd=01&roomCrack=200000&screenId=UWW1402&yadNo=317214&callbackHistFlg=1,石川県 > 金沢・湯涌,https://cdn.jalan.jp/jalan/images/pictL/Y4/Y317214/Y317214013.jpg,https://cdn.jalan.jp/jalan/images/pictM/Y4/Y317214/Y317214031.jpg,https://cdn.jalan.jp/jalan/images/pictM/Y4/Y317214/Y317214033.jpg,https://cdn.jalan.jp/jalan/images/pictM/Y4/Y317214/Y317214010.jpg,,,,,,【アクセス】,JR金沢駅兼六園口（東口）から徒歩5分、別院通り中ほどの白い建物が目印です。,,,,D（一般以下）
Ｃｌｏｓｅ　ｔｏ　ｙｏｕ,https://www.jalan.net/yad307367/?stayYear=&stayMonth=&stayDay=&stayCount=1&roomCount=1&dateUndecided=1&adultNum=2&rootCd=04&distCd=01&roomCrack=200000&screenId=UWW1402&yadNo=307367&callbackHistFlg=1,石川県 > 金沢・湯涌,https://cdn.jalan.jp/jalan/images/pictL/Y7/Y307367/Y307367001.jpg,https://cdn.jalan.jp/jalan/images/pictM/Y7/Y307367/Y307367002.jpg,https://cdn.jalan.jp/jalan/images/pictM/Y7/Y307367/Y307367003.jpg,https://cdn.jalan.jp/jalan/images/pictM/Y7/Y307367/Y307367014.jpg,,,,,,【アクセス】,(駐車場無）JR金沢駅兼六園口バス乗場⑦番より「橋場町経由」バス10分乗車→「尾張町」下車→徒歩5分,,,,D（一般以下）
トラベラーズホステル　ケイズハウス金沢,https://www.jalan.net/yad333514/?stayYear=&stayMonth=&stayDay=&stayCount=1&roomCount=1&dateUndecided=1&adultNum=2&rootCd=04&distCd=01&roomCrack=200000&screenId=UWW1402&yadNo=333514&callbackHistFlg=1,石川県 > 金沢・湯涌,https://cdn.jalan.jp/jalan/images/pictL/Y4/Y333514/Y333514079.jpg,https://cdn.jalan.jp/jalan/images/pictM/Y4/Y333514/Y333514082.jpg,https://cdn.jalan.jp/jalan/images/pictM/Y4/Y333514/Y333514081.jpg,https://cdn.jalan.jp/jalan/images/pictM/Y4/Y333514/Y333514036.jpg,"1名 2,530円～",,,,,【アクセス】,金沢駅東口より周遊バスで約20分「桜橋」バス停下車、徒歩2分,2530.0,,,D（一般以下）
らしく金沢ＨＯＴＥＬ,https://www.jalan.net/yad387016/?stayYear=&stayMonth=&stayDay=&stayCount=1&roomCount=1&dateUndecided=1&adultNum=2&rootCd=04&distCd=01&roomCrack=200000&screenId=UWW1402&yadNo=387016&callbackHistFlg=1,石川県 > 金沢・湯涌,https://cdn.jalan.jp/jalan/images/pictL/Y6/Y387016/Y387016200.jpg,https://cdn.jalan.jp/jalan/images/pictM/Y6/Y387016/Y387016202.jpg,https://cdn.jalan.jp/jalan/images/pictM/Y6/Y387016/Y387016041.jpg,https://cdn.jalan.jp/jalan/images/pictM/Y6/Y387016/Y387016201.jpg,"1名 17,600円～",,,,,【アクセス】,金沢駅より徒歩約25分、タクシーで約8分、金沢駅東口発の北鉄金沢バス乗車、橋場町バス停より徒歩5分,17600.0,,,D（一般以下）
片町ツアーホテル,https://www.jalan.net/yad317051/?stayYear=&stayMonth=&stayDay=&stayCount=1&roomCount=1&dateUndecided=1&adultNum=2&rootCd=04&distCd=01&roomCrack=200000&screenId=UWW1402&yadNo=317051&callbackHistFlg=1,石川県 > 金沢・湯涌,https://cdn.jalan.jp/jalan/images/pictL/Y1/Y317051/Y317051097.jpg,https://cdn.jalan.jp/jalan/images/pictM/6/00246/00246908.jpg,https://cdn.jalan.jp/jalan/images/pictM/Y1/Y317051/Y317051107.jpg,https://cdn.jalan.jp/jalan/images/pictM/Y1/Y317051/Y317051098.jpg,"1名 3,900円～",,,,20時間前に予約されました,【アクセス】,金沢中心街■片町きらら■裏手すぐ。車：片町中央通り・松田小児科医院を左に見てその角を左折,3900.0,,,D（一般以下）
藤の宿,https://www.jalan.net/yad397995/?stayYear=&stayMonth=&stayDay=&stayCount=1&roomCount=1&dateUndecided=1&adultNum=2&rootCd=04&distCd=01&roomCrack=200000&screenId=UWW1402&yadNo=397995&callbackHistFlg=1,石川県 > 金沢・湯涌,https://cdn.jalan.jp/jalan/images/pictL/Y5/Y397995/Y397995006.jpg,https://cdn.jalan.jp/jalan/images/pictM/Y5/Y397995/Y397995028.jpg,https://cdn.jalan.jp/jalan/images/pictM/Y5/Y397995/Y397995018.jpg,https://cdn.jalan.jp/jalan/images/pictM/Y5/Y397995/Y397995003.jpg,"1名 5,000円～",,,,,【アクセス】,JR金沢駅（東口：新幹線口）から武蔵ヶ辻方面に徒歩7分。東別院「西門口前」交差点を左折後50m,5000.0,,,D（一般以下）
金澤屋Hirooka,https://www.jalan.net/yad382287/?stayYear=&stayMonth=&stayDay=&stayCount=1&roomCount=1&dateUndecided=1&adultNum=2&rootCd=04&distCd=01&roomCrack=200000&screenId=UWW1402&yadNo=382287&callbackHistFlg=1,石川県 > 金沢・湯涌,https://cdn.jalan.jp/jalan/images/pictL/Y7/Y382287/Y382287012.jpg,https://cdn.jalan.jp/jalan/images/pictM/Y7/Y382287/Y382287014.jpg,,,"1名 4,750円～",,,,,【アクセス】,JR金沢駅（金沢港口）（金沢駅西口）徒歩3分。,4750.0,,,D（一般以下）
金澤八旅　金色,https://www.jalan.net/yad376189/?stayYear=&stayMonth=&stayDay=&stayCount=1&roomCount=1&dateUndecided=1&adultNum=2&rootCd=04&distCd=01&roomCrack=200000&screenId=UWW1402&yadNo=376189&callbackHistFlg=1,石川県 > 金沢・湯涌,https://cdn.jalan.jp/jalan/images/pictL/Y9/Y376189/Y376189004.jpg,https://cdn.jalan.jp/jalan/images/pictM/Y9/Y376189/Y376189005.jpg,https://cdn.jalan.jp/jalan/images/pictM/Y9/Y376189/Y376189003.jpg,https://cdn.jalan.jp/jalan/images/pictM/Y9/Y376189/Y376189007.jpg,"1名 4,200円～",,,,,【アクセス】,金沢駅から徒歩５分,4200.0,,,D（一般以下）
金沢セントラルホテル東館,https://www.jalan.net/yad311923/?stayYear=&stayMonth=&stayDay=&stayCount=1&roomCount=1&dateUndecided=1&adultNum=2&rootCd=04&distCd=01&roomCrack=200000&screenId=UWW1402&yadNo=311923&callbackHistFlg=1,石川県 > 金沢・湯涌,https://cdn.jalan.jp/jalan/images/pictL/Y3/Y311923/Y311923359.jpg,https://cdn.jalan.jp/jalan/images/pictM/Y3/Y311923/Y311923381.jpg,https://cdn.jalan.jp/jalan/images/pictM/Y3/Y311923/Y311923382.jpg,https://cdn.jalan.jp/jalan/images/pictM/Y3/Y311923/Y311923366.jpg,"1名 3,900円～",3.6,"1,485件",,5時間前に予約されました,【アクセス】,ＪＲ金沢駅東口徒歩約３分,3900.0,3.6,,D（一般以下）
Ｗａｃａｓａ　旅音,https://www.jalan.net/yad376337/?stayYear=&stayMonth=&stayDay=&stayCount=1&roomCount=1&dateUndecided=1&adultNum=2&rootCd=04&distCd=01&roomCrack=200000&screenId=UWW1402&yadNo=376337&callbackHistFlg=1,石川県 > 金沢・湯涌,https://cdn.jalan.jp/jalan/images/pictL/Y7/Y376337/Y376337004.jpg,https://cdn.jalan.jp/jalan/images/pictM/Y7/Y376337/Y376337006.jpg,https://cdn.jalan.jp/jalan/images/pictM/Y7/Y376337/Y376337011.jpg,https://cdn.jalan.jp/jalan/images/pictM/Y7/Y376337/Y376337023.jpg,"1名 8,500円～",,,,,【アクセス】,金沢駅から徒歩6分,8500.0,,,D（一般以下）
金沢くつろぎ宿　泊まり木,https://www.jalan.net/yad372312/?stayYear=&stayMonth=&stayDay=&stayCount=1&roomCount=1&dateUndecided=1&adultNum=2&rootCd=04&distCd=01&roomCrack=200000&screenId=UWW1402&yadNo=372312&callbackHistFlg=1,石川県 > 金沢・湯涌,https://cdn.jalan.jp/jalan/images/pictL/Y2/Y372312/Y372312054.jpg,https://cdn.jalan.jp/jalan/images/pictM/Y2/Y372312/Y372312058.jpg,https://cdn.jalan.jp/jalan/images/pictM/Y2/Y372312/Y372312047.jpg,https://cdn.jalan.jp/jalan/images/pictM/Y2/Y372312/Y372312024.jpg,"1名 8,250円～",,,,,【アクセス】,金沢駅よりお車にて約10分　,8250.0,,,D（一般以下）
東横ＩＮＮ 金沢駅東口,https://www.jalan.net/yad388328/?stayYear=&stayMonth=&stayDay=&stayCount=1&roomCount=1&dateUndecided=1&adultNum=2&rootCd=04&distCd=01&roomCrack=200000&screenId=UWW1402&yadNo=388328&callbackHistFlg=1,石川県 > 金沢・湯涌,https://cdn.jalan.jp/jalan/images/pictL/Y8/Y388328/Y388328146.jpg,https://cdn.jalan.jp/jalan/images/pictM/Y8/Y388328/Y388328257.jpg,https://cdn.jalan.jp/jalan/images/pictM/Y8/Y388328/Y388328180.jpg,https://cdn.jalan.jp/jalan/images/pictM/Y8/Y388328/Y388328224.jpg,"1名 5,250円～",3.8,187件,,59分前に予約されました,【アクセス】,金沢駅東口よりＡＮＡホテル側大通り沿いに歩いて6分右手側にあります,5250.0,3.8,,D（一般以下）
アネックス金沢,https://www.jalan.net/yad394935/?stayYear=&stayMonth=&stayDay=&stayCount=1&roomCount=1&dateUndecided=1&adultNum=2&rootCd=04&distCd=01&roomCrack=200000&screenId=UWW1402&yadNo=394935&callbackHistFlg=1,石川県 > 金沢・湯涌,https://cdn.jalan.jp/jalan/images/pictL/Y5/Y394935/Y394935018.jpg,https://cdn.jalan.jp/jalan/images/pictM/Y5/Y394935/Y394935015.jpg,https://cdn.jalan.jp/jalan/images/pictM/Y5/Y394935/Y394935024.jpg,https://cdn.jalan.jp/jalan/images/pictM/Y5/Y394935/Y394935003.jpg,"1名 8,000円～",,,,,【アクセス】,チェックイン、アウト、鍵の受渡しはお近くの金沢駅前ホテルで。不明点はお電話を。076－224-7177,8000.0,,,D（一般以下）
Ｈｙｏｔａｎ　旅音,https://www.jalan.net/yad339800/?stayYear=&stayMonth=&stayDay=&stayCount=1&roomCount=1&dateUndecided=1&adultNum=2&rootCd=04&distCd=01&roomCrack=200000&screenId=UWW1402&yadNo=339800&callbackHistFlg=1,石川県 > 金沢・湯涌,https://cdn.jalan.jp/jalan/images/pictL/Y0/Y339800/Y339800059.jpg,https://cdn.jalan.jp/jalan/images/pictM/Y0/Y339800/Y339800057.jpg,https://cdn.jalan.jp/jalan/images/pictM/Y0/Y339800/Y339800003.jpg,https://cdn.jalan.jp/jalan/images/pictM/Y0/Y339800/Y339800013.jpg,"1名 7,500円～",,,,,【アクセス】,金沢駅まで徒歩10分。近江町市場まで徒歩5分。観光にも暮らすにも便利な立地です。スーパーまで徒歩2分。,7500.0,,,D（一般以下）
☆★刺身が旨い☆★　旅館やまもと,https://www.jalan.net/yad381559/?stayYear=&stayMonth=&stayDay=&stayCount=1&roomCount=1&dateUndecided=1&adultNum=2&rootCd=04&distCd=01&roomCrack=200000&screenId=UWW1402&yadNo=381559&callbackHistFlg=1,石川県 > 羽咋・かほく,https://cdn.jalan.jp/jalan/images/pictL/Y9/Y381559/Y381559062.jpg,https://cdn.jalan.jp/jalan/images/pictM/Y9/Y381559/Y381559063.jpg,https://cdn.jalan.jp/jalan/images/pictM/Y9/Y381559/Y381559056.jpg,https://cdn.jalan.jp/jalan/images/pictM/Y9/Y381559/Y381559005.jpg,"1名 6,600円～",,,,,【アクセス】,米出ICから車で２分！宝達駅より車で５分（米出ＩＣ249号線沿い、ゴルフ場（能登ＣＣ）近く）,6600.0,,,D（一般以下）
Ｏｙａｍａ旅音,https://www.jalan.net/yad374573/?stayYear=&stayMonth=&stayDay=&stayCount=1&roomCount=1&dateUndecided=1&adultNum=2&rootCd=04&distCd=01&roomCrack=200000&screenId=UWW1402&yadNo=374573&callbackHistFlg=1,石川県 > 金沢・湯涌,https://cdn.jalan.jp/jalan/images/pictL/Y3/Y374573/Y374573014.jpg,https://cdn.jalan.jp/jalan/images/pictM/Y3/Y374573/Y374573018.jpg,https://cdn.jalan.jp/jalan/images/pictM/Y3/Y374573/Y374573008.jpg,https://cdn.jalan.jp/jalan/images/pictM/Y3/Y374573/Y374573017.jpg,"1名 9,500円～",,,,,【アクセス】,北鉄バス「近江町市場」バス停から徒歩5分（金沢駅から近江町市場まではバスで5分）,9500.0,,,D（一般以下）
Ｈｏｒｉｋａｗａ　Ｈｏｓｔｅｌ,https://www.jalan.net/yad377130/?stayYear=&stayMonth=&stayDay=&stayCount=1&roomCount=1&dateUndecided=1&adultNum=2&rootCd=04&distCd=01&roomCrack=200000&screenId=UWW1402&yadNo=377130&callbackHistFlg=1,石川県 > 金沢・湯涌,https://cdn.jalan.jp/jalan/images/pictL/Y0/Y377130/Y377130005.jpg,https://cdn.jalan.jp/jalan/images/pictM/Y0/Y377130/Y377130032.jpg,https://cdn.jalan.jp/jalan/images/pictM/Y0/Y377130/Y377130042.jpg,https://cdn.jalan.jp/jalan/images/pictM/Y0/Y377130/Y377130002.jpg,"1名 20,000円～",,,,,【アクセス】,金沢駅東口徒歩5分。Barインフュージョン （InFusion）ビル２、３階。入口はBarを正面にし、右の細い通り。,20000.0,,,D（一般以下）
